Date,Time UTC+1,Model,Asset,Forecast,Last Input Price,AR Alpha,Rolling Hit-Rate,SD,MAD,ACD
"2016-07-06","00:19:48","AR","EUR/USD","DOWN","1.1137","0.18","64.4","0.0049","0.0036","1e-04"
"2016-07-06","00:19:51","AR","USD/JPY","UP","102.61","0.35","59.1","0.5536","0.3985","-0.09"
"2016-07-06","00:19:53","AR","GBP/USD","UP","1.3284","0.19","60.1","0.0084","0.005","-0.0042"
"2016-07-06","00:19:56","AR","USD/CHF","DOWN","0.973","0.42","63","0.004","0.0029","-6e-04"
"2016-07-06","00:19:58","AR","AUD/USD","UP","0.7511","0.13","52.4","0.004","0.0031","4e-04"
"2016-07-06","00:20:01","AR","USD/CAD","DOWN","1.2877","0.3","56.7","0.006","0.0043","-2e-04"
"2016-07-06","00:20:04","AR","EUR/CHF","DOWN","1.0837","0.09","51.9","0.0024","0.0018","4e-04"
"2016-07-06","00:20:06","AR","EUR/GBP","DOWN","0.8384","0.33","56.2","0.004","0.0027","0.0021"
"2016-07-06","00:20:09","AR","NZD/USD","UP","0.7201","0.17","54.8","0.0043","0.0033","-6e-04"
"2016-07-06","00:20:12","AR","EUR/SEK","DOWN","9.3984","0.2","57.7","0.0243","0.0182","0.0031"
"2016-07-06","00:20:15","AR","EUR/NOK","DOWN","9.2667","0.03","53.8","0.0375","0.0279","0.004"
"2016-07-06","00:20:17","AR","USD/SEK","UP","8.4389","0.11","56.7","0.0401","0.0284","7e-04"
"2016-07-06","00:20:20","AR","USD/NOK","DOWN","8.3206","0.11","60.1","0.0441","0.0322","0.0134"
"2016-07-06","00:20:23","AR","EUR/JPY","UP","114.28","0.19","62","0.6279","0.4365","-0.1184"
"2016-07-06","00:20:25","AR","XAU/USD","UP","1348.75","0.18","58.7","8.5705","6.468","2.4992"
"2016-07-06","00:20:28","AR","XAG/USD","UP","20.2747","0.46","57.7","0.1674","0.1229","0.2972"
"2016-07-06","00:20:31","AR","XPD/USD","UP","613.605","0.18","46.6","10.8121","5.5553","3.1235"
"2016-07-06","00:20:33","AR","XPT/USD","UP","1063.08","0.09","40.9","12.624","7.3045","-1.9317"
"2016-07-06","00:20:35","MA","EUR/USD","DOWN","1.1137","0.18","67.3","0.0049","0.0036","4e-04"
"2016-07-06","00:20:36","MA","USD/JPY","UP","102.61","0.35","63.5","0.5536","0.3985","-0.0556"
"2016-07-06","00:20:38","MA","GBP/USD","UP","1.3284","0.19","63.5","0.0084","0.005","-3e-04"
"2016-07-06","00:20:39","MA","USD/CHF","UP","0.973","0.42","64.4","0.004","0.0029","-3e-04"
"2016-07-06","00:20:41","MA","AUD/USD","UP","0.7511","0.13","53.4","0.004","0.0031","3e-04"
"2016-07-06","00:20:42","MA","USD/CAD","DOWN","1.2877","0.3","58.7","0.006","0.0043","-6e-04"
"2016-07-06","00:20:44","MA","EUR/CHF","DOWN","1.0837","0.09","57.2","0.0024","0.0018","1e-04"
"2016-07-06","00:20:45","MA","EUR/GBP","DOWN","0.8384","0.33","56.7","0.004","0.0027","6e-04"
"2016-07-06","00:20:46","MA","NZD/USD","UP","0.7201","0.17","56.7","0.0043","0.0033","1e-04"
"2016-07-06","00:20:48","MA","EUR/SEK","DOWN","9.3984","0.2","56.7","0.0243","0.0182","0.0013"
"2016-07-06","00:20:50","MA","EUR/NOK","DOWN","9.2667","0.03","53.4","0.0375","0.0279","1e-04"
"2016-07-06","00:20:51","MA","USD/SEK","UP","8.4389","0.11","63.9","0.0401","0.0284","-0.0013"
"2016-07-06","00:20:53","MA","USD/NOK","DOWN","8.3206","0.11","60.1","0.0441","0.0322","-9e-04"
"2016-07-06","00:20:54","MA","EUR/JPY","UP","114.28","0.19","62.5","0.6279","0.4365","0.0014"
"2016-07-06","00:20:56","MA","XAU/USD","UP","1348.75","0.18","60.6","8.5705","6.468","1.0455"
"2016-07-06","00:20:57","MA","XAG/USD","UP","20.2747","0.46","58.7","0.1674","0.1229","0.1114"
"2016-07-06","00:20:59","MA","XPD/USD","UP","613.605","0.18","43.8","10.8121","5.5553","0.2624"
"2016-07-06","00:21:00","MA","XPT/USD","UP","1063.08","0.09","39.9","12.624","7.3045","-0.2259"
"2016-07-06","00:21:02","ARMA","EUR/USD","DOWN","1.1137","0.18","64.9","0.0049","0.0036","4e-04"
"2016-07-06","00:21:04","ARMA","USD/JPY","UP","102.61","0.35","60.1","0.5536","0.3985","-0.075"
"2016-07-06","00:21:06","ARMA","GBP/USD","UP","1.3284","0.19","60.1","0.0084","0.005","-0.0011"
"2016-07-06","00:21:08","ARMA","USD/CHF","UP","0.973","0.42","63.5","0.004","0.0029","-6e-04"
"2016-07-06","00:21:10","ARMA","AUD/USD","UP","0.7511","0.13","51.9","0.004","0.0031","2e-04"
"2016-07-06","00:21:11","ARMA","USD/CAD","DOWN","1.2877","0.3","51.9","0.006","0.0043","-8e-04"
"2016-07-06","00:21:14","ARMA","EUR/CHF","DOWN","1.0837","0.09","54.8","0.0024","0.0018","1e-04"
"2016-07-06","00:21:15","ARMA","EUR/GBP","DOWN","0.8384","0.33","56.7","0.004","0.0027","0.0015"
"2016-07-06","00:21:17","ARMA","NZD/USD","UP","0.7201","0.17","56.7","0.0043","0.0033","8e-04"
"2016-07-06","00:21:19","ARMA","EUR/SEK","DOWN","9.3984","0.2","57.2","0.0243","0.0182","-9e-04"
"2016-07-06","00:21:21","ARMA","EUR/NOK","DOWN","9.2667","0.03","53.4","0.0375","0.0279","1e-04"
"2016-07-06","00:21:22","ARMA","USD/SEK","UP","8.4389","0.11","63","0.0401","0.0284","-0.0029"
"2016-07-06","00:21:24","ARMA","USD/NOK","DOWN","8.3206","0.11","60.6","0.0441","0.0322","-0.0014"
"2016-07-06","00:21:26","ARMA","EUR/JPY","UP","114.28","0.19","60.6","0.6279","0.4365","-0.3757"
"2016-07-06","00:21:28","ARMA","XAU/USD","UP","1348.75","0.18","58.7","8.5705","6.468","1.6801"
"2016-07-06","00:21:30","ARMA","XAG/USD","UP","20.2747","0.46","55.3","0.1674","0.1229","0.233"
"2016-07-06","00:21:33","ARMA","XPD/USD","UP","613.605","0.18","55.3","10.8121","5.5553","-3.652"
"2016-07-06","00:21:35","ARMA","XPT/USD","UP","1063.08","0.09","55.3","12.624","7.3045","2.4479"
"2016-07-06","00:44:00","AR","EUR/USD","DOWN","1.1137","0.34","64.4","0.0049","0.0036","1e-04"
"2016-07-06","00:44:03","AR","USD/JPY","UP","102.61","0.37","59.1","0.5536","0.3985","-0.09"
"2016-07-06","00:44:06","AR","GBP/USD","UP","1.3284","0.23","60.1","0.0084","0.005","-0.0042"
"2016-07-06","00:44:08","AR","USD/CHF","DOWN","0.973","0.46","63","0.004","0.0029","-6e-04"
"2016-07-06","00:44:11","AR","AUD/USD","UP","0.7511","0.21","52.4","0.004","0.0031","4e-04"
"2016-07-06","00:44:13","AR","USD/CAD","DOWN","1.2877","0.28","56.7","0.006","0.0043","-2e-04"
"2016-07-06","00:44:16","AR","EUR/CHF","DOWN","1.0837","0.21","51.9","0.0024","0.0018","4e-04"
"2016-07-06","00:44:19","AR","EUR/GBP","DOWN","0.8384","0.34","56.2","0.004","0.0027","0.0021"
"2016-07-06","00:44:22","AR","NZD/USD","UP","0.7201","0.18","54.8","0.0043","0.0033","-6e-04"
"2016-07-06","00:44:25","AR","EUR/SEK","DOWN","9.3984","0.37","57.7","0.0243","0.0182","0.0031"
"2016-07-06","00:44:28","AR","EUR/NOK","DOWN","9.2667","0.32","53.8","0.0375","0.0279","0.004"
"2016-07-06","00:44:30","AR","USD/SEK","UP","8.4389","0.26","56.7","0.0401","0.0284","7e-04"
"2016-07-06","00:44:33","AR","USD/NOK","DOWN","8.3206","0.26","60.1","0.0441","0.0322","0.0134"
"2016-07-06","00:44:36","AR","EUR/JPY","UP","114.28","0.28","62","0.6279","0.4365","-0.1184"
"2016-07-06","00:44:39","AR","XAU/USD","UP","1348.75","0.28","58.7","8.5705","6.468","2.4992"
"2016-07-06","00:44:42","AR","XAG/USD","UP","20.2747","0.42","57.7","0.1674","0.1229","0.2972"
"2016-07-06","00:44:46","AR","XPD/USD","UP","613.605","0.05","46.6","10.8121","5.5553","3.1235"
"2016-07-06","00:44:49","AR","XPT/USD","UP","1063.08","0.05","40.9","12.624","7.3045","-1.9317"
"2016-07-06","00:44:50","MA","EUR/USD","DOWN","1.1137","n.a.","67.3","0.0049","0.0036","-2e-04"
"2016-07-06","00:44:52","MA","USD/JPY","UP","102.61","n.a.","63.5","0.5536","0.3985","0.0517"
"2016-07-06","00:44:53","MA","GBP/USD","UP","1.3284","n.a.","63.5","0.0084","0.005","4e-04"
"2016-07-06","00:44:55","MA","USD/CHF","UP","0.973","n.a.","64.4","0.004","0.0029","0"
"2016-07-06","00:44:56","MA","AUD/USD","UP","0.7511","n.a.","53.4","0.004","0.0031","2e-04"
"2016-07-06","00:44:58","MA","USD/CAD","DOWN","1.2877","n.a.","58.7","0.006","0.0043","-8e-04"
"2016-07-06","00:45:00","MA","EUR/CHF","DOWN","1.0837","n.a.","57.2","0.0024","0.0018","-2e-04"
"2016-07-06","00:45:01","MA","EUR/GBP","DOWN","0.8384","n.a.","56.7","0.004","0.0027","-4e-04"
"2016-07-06","00:45:03","MA","NZD/USD","UP","0.7201","n.a.","56.7","0.0043","0.0033","6e-04"
"2016-07-06","00:45:05","MA","EUR/SEK","DOWN","9.3984","n.a.","56.7","0.0243","0.0182","-7e-04"
"2016-07-06","00:45:07","MA","EUR/NOK","DOWN","9.2667","n.a.","53.4","0.0375","0.0279","-0.0098"
"2016-07-06","00:45:08","MA","USD/SEK","UP","8.4389","n.a.","63.9","0.0401","0.0284","0.0014"
"2016-07-06","00:45:10","MA","USD/NOK","DOWN","8.3206","n.a.","60.1","0.0441","0.0322","-0.0054"
"2016-07-06","00:45:11","MA","EUR/JPY","UP","114.28","n.a.","62.5","0.6279","0.4365","0.0199"
"2016-07-06","00:45:13","MA","XAU/USD","UP","1348.75","n.a.","60.6","8.5705","6.468","1.6878"
"2016-07-06","00:45:14","MA","XAG/USD","UP","20.2747","n.a.","58.7","0.1674","0.1229","0.1457"
"2016-07-06","00:45:16","MA","XPD/USD","UP","613.605","n.a.","43.8","10.8121","5.5553","0.3409"
"2016-07-06","00:45:17","MA","XPT/USD","UP","1063.08","n.a.","39.9","12.624","7.3045","0.0952"
"2016-07-06","00:45:19","ARMA","EUR/USD","DOWN","1.1137","n.a.","64.9","0.0049","0.0036","-1e-04"
"2016-07-06","00:45:21","ARMA","USD/JPY","UP","102.61","n.a.","60.1","0.5536","0.3985","0.0482"
"2016-07-06","00:45:24","ARMA","GBP/USD","UP","1.3284","n.a.","60.1","0.0084","0.005","3e-04"
"2016-07-06","00:45:26","ARMA","USD/CHF","UP","0.973","n.a.","63.5","0.004","0.0029","0"
"2016-07-06","00:45:28","ARMA","AUD/USD","UP","0.7511","n.a.","51.9","0.004","0.0031","2e-04"
"2016-07-06","00:45:29","ARMA","USD/CAD","DOWN","1.2877","n.a.","51.9","0.006","0.0043","-8e-04"
"2016-07-06","00:45:31","ARMA","EUR/CHF","DOWN","1.0837","n.a.","54.8","0.0024","0.0018","-1e-04"
"2016-07-06","00:45:33","ARMA","EUR/GBP","DOWN","0.8384","n.a.","56.7","0.004","0.0027","-3e-04"
"2016-07-06","00:45:35","ARMA","NZD/USD","UP","0.7201","n.a.","56.7","0.0043","0.0033","7e-04"
"2016-07-06","00:45:37","ARMA","EUR/SEK","DOWN","9.3984","n.a.","57.2","0.0243","0.0182","-0.0014"
"2016-07-06","00:45:39","ARMA","EUR/NOK","DOWN","9.2667","n.a.","53.4","0.0375","0.0279","-0.0098"
"2016-07-06","00:45:41","ARMA","USD/SEK","UP","8.4389","n.a.","63","0.0401","0.0284","0.001"
"2016-07-06","00:45:43","ARMA","USD/NOK","DOWN","8.3206","n.a.","60.6","0.0441","0.0322","-0.0057"
"2016-07-06","00:45:46","ARMA","EUR/JPY","UP","114.28","n.a.","60.6","0.6279","0.4365","0.0227"
"2016-07-06","00:45:49","ARMA","XAU/USD","UP","1348.75","n.a.","58.7","8.5705","6.468","1.8278"
"2016-07-06","00:45:53","ARMA","XAG/USD","UP","20.2747","n.a.","55.3","0.1674","0.1229","0.182"
"2016-07-06","00:45:55","ARMA","XPD/USD","UP","613.605","n.a.","55.3","10.8121","5.5553","0.3591"
"2016-07-06","00:45:57","ARMA","XPT/USD","UP","1063.08","n.a.","55.3","12.624","7.3045","0.2527"
"2016-07-06","00:56:50","AR","EUR/USD","DOWN","1.1137","0.34","64.4","0.0049","0.0036","-3e-04"
"2016-07-06","00:56:53","AR","USD/JPY","UP","102.61","0.37","59.1","0.5536","0.3985","0.0284"
"2016-07-06","00:56:56","AR","GBP/USD","UP","1.3284","0.23","60.1","0.0084","0.005","0.0012"
"2016-07-06","00:56:59","AR","USD/CHF","DOWN","0.973","0.46","63","0.004","0.0029","-1e-04"
"2016-07-06","00:57:02","AR","AUD/USD","UP","0.7511","0.21","52.4","0.004","0.0031","2e-04"
"2016-07-06","00:57:04","AR","USD/CAD","DOWN","1.2877","0.28","56.7","0.006","0.0043","-0.0011"
"2016-07-06","00:57:07","AR","EUR/CHF","DOWN","1.0837","0.21","51.9","0.0024","0.0018","-1e-04"
"2016-07-06","00:57:10","AR","EUR/GBP","DOWN","0.8384","0.34","56.2","0.004","0.0027","-9e-04"
"2016-07-06","00:57:13","AR","NZD/USD","UP","0.7201","0.18","54.8","0.0043","0.0033","3e-04"
"2016-07-06","00:57:15","AR","EUR/SEK","DOWN","9.3984","0.37","57.7","0.0243","0.0182","-8e-04"
"2016-07-06","00:57:18","AR","EUR/NOK","DOWN","9.2667","0.32","53.8","0.0375","0.0279","-0.0098"
"2016-07-06","00:57:21","AR","USD/SEK","UP","8.4389","0.26","56.7","0.0401","0.0284","0.0035"
"2016-07-06","00:57:24","AR","USD/NOK","DOWN","8.3206","0.26","60.1","0.0441","0.0322","-0.0042"
"2016-07-06","00:57:27","AR","EUR/JPY","UP","114.28","0.28","62","0.6279","0.4365","7e-04"
"2016-07-06","00:57:30","AR","XAU/USD","UP","1348.75","0.28","58.7","8.5705","6.468","1.3259"
"2016-07-06","00:57:33","AR","XAG/USD","UP","20.2747","0.42","57.7","0.1674","0.1229","0.2064"
"2016-07-06","00:57:35","AR","XPD/USD","UP","613.605","0.05","46.6","10.8121","5.5553","1.6106"
"2016-07-06","00:57:38","AR","XPT/USD","UP","1063.08","0.05","40.9","12.624","7.3045","2.0121"
"2016-07-06","00:57:39","MA","EUR/USD","DOWN","1.1137","n.a.","67.3","0.0049","0.0036","-2e-04"
"2016-07-06","00:57:41","MA","USD/JPY","UP","102.61","n.a.","63.5","0.5536","0.3985","0.0517"
"2016-07-06","00:57:43","MA","GBP/USD","UP","1.3284","n.a.","63.5","0.0084","0.005","4e-04"
"2016-07-06","00:57:44","MA","USD/CHF","UP","0.973","n.a.","64.4","0.004","0.0029","0"
"2016-07-06","00:57:46","MA","AUD/USD","UP","0.7511","n.a.","53.4","0.004","0.0031","2e-04"
"2016-07-06","00:57:47","MA","USD/CAD","DOWN","1.2877","n.a.","58.7","0.006","0.0043","-8e-04"
"2016-07-06","00:57:49","MA","EUR/CHF","DOWN","1.0837","n.a.","57.2","0.0024","0.0018","-2e-04"
"2016-07-06","00:57:50","MA","EUR/GBP","DOWN","0.8384","n.a.","56.7","0.004","0.0027","-4e-04"
"2016-07-06","00:57:52","MA","NZD/USD","UP","0.7201","n.a.","56.7","0.0043","0.0033","6e-04"
"2016-07-06","00:57:54","MA","EUR/SEK","DOWN","9.3984","n.a.","56.7","0.0243","0.0182","-7e-04"
"2016-07-06","00:57:55","MA","EUR/NOK","DOWN","9.2667","n.a.","53.4","0.0375","0.0279","-0.0098"
"2016-07-06","00:57:57","MA","USD/SEK","UP","8.4389","n.a.","63.9","0.0401","0.0284","0.0014"
"2016-07-06","00:57:58","MA","USD/NOK","DOWN","8.3206","n.a.","60.1","0.0441","0.0322","-0.0054"
"2016-07-06","00:58:00","MA","EUR/JPY","UP","114.28","n.a.","62.5","0.6279","0.4365","0.0199"
"2016-07-06","00:58:01","MA","XAU/USD","UP","1348.75","n.a.","60.6","8.5705","6.468","1.6878"
"2016-07-06","00:58:03","MA","XAG/USD","UP","20.2747","n.a.","58.7","0.1674","0.1229","0.1457"
"2016-07-06","00:58:05","MA","XPD/USD","UP","613.605","n.a.","43.8","10.8121","5.5553","0.3409"
"2016-07-06","00:58:06","MA","XPT/USD","UP","1063.08","n.a.","39.9","12.624","7.3045","0.0952"
"2016-07-06","00:58:08","ARMA","EUR/USD","DOWN","1.1137","n.a.","64.9","0.0049","0.0036","-1e-04"
"2016-07-06","00:58:10","ARMA","USD/JPY","UP","102.61","n.a.","60.1","0.5536","0.3985","0.0482"
"2016-07-06","00:58:12","ARMA","GBP/USD","UP","1.3284","n.a.","60.1","0.0084","0.005","3e-04"
"2016-07-06","00:58:14","ARMA","USD/CHF","UP","0.973","n.a.","63.5","0.004","0.0029","0"
"2016-07-06","00:58:17","ARMA","AUD/USD","UP","0.7511","n.a.","51.9","0.004","0.0031","2e-04"
"2016-07-06","00:58:18","ARMA","USD/CAD","DOWN","1.2877","n.a.","51.9","0.006","0.0043","-8e-04"
"2016-07-06","00:58:20","ARMA","EUR/CHF","DOWN","1.0837","n.a.","54.8","0.0024","0.0018","-1e-04"
"2016-07-06","00:58:22","ARMA","EUR/GBP","DOWN","0.8384","n.a.","56.7","0.004","0.0027","-3e-04"
"2016-07-06","00:58:24","ARMA","NZD/USD","UP","0.7201","n.a.","56.7","0.0043","0.0033","7e-04"
"2016-07-06","00:58:26","ARMA","EUR/SEK","DOWN","9.3984","n.a.","57.2","0.0243","0.0182","-0.0014"
"2016-07-06","00:58:28","ARMA","EUR/NOK","DOWN","9.2667","n.a.","53.4","0.0375","0.0279","-0.0098"
"2016-07-06","00:58:30","ARMA","USD/SEK","UP","8.4389","n.a.","63","0.0401","0.0284","0.001"
"2016-07-06","00:58:31","ARMA","USD/NOK","DOWN","8.3206","n.a.","60.6","0.0441","0.0322","-0.0057"
"2016-07-06","00:58:33","ARMA","EUR/JPY","UP","114.28","n.a.","60.6","0.6279","0.4365","0.0227"
"2016-07-06","00:58:35","ARMA","XAU/USD","UP","1348.75","n.a.","58.7","8.5705","6.468","1.8278"
"2016-07-06","00:58:37","ARMA","XAG/USD","UP","20.2747","n.a.","55.3","0.1674","0.1229","0.182"
"2016-07-06","00:58:38","ARMA","XPD/USD","UP","613.605","n.a.","55.3","10.8121","5.5553","0.3591"
"2016-07-06","00:58:40","ARMA","XPT/USD","UP","1063.08","n.a.","55.3","12.624","7.3045","0.2527"
"2016-07-06","02:30:08","AR","EUR/USD","DOWN","1.1137","0.34","64.1","0.0049","0.0036","-2e-04"
"2016-07-06","02:30:18","AR","USD/JPY","UP","102.61","0.37","59.1","0.5536","0.3985","0.0284"
"2016-07-06","02:30:26","AR","GBP/USD","UP","1.3284","0.23","59.8","0.0083","0.005","0.0019"
"2016-07-06","02:30:35","AR","USD/CHF","DOWN","0.973","0.46","63","0.004","0.0029","-1e-04"
"2016-07-06","02:30:40","AR","AUD/USD","UP","0.7511","0.21","52.4","0.004","0.0031","2e-04"
"2016-07-06","02:30:48","AR","USD/CAD","DOWN","1.2877","0.28","56.7","0.006","0.0043","-0.0011"
"2016-07-06","02:30:53","AR","EUR/CHF","DOWN","1.0837","0.21","51.9","0.0024","0.0018","-1e-04"
"2016-07-06","02:30:58","AR","EUR/GBP","DOWN","0.8384","0.34","56.2","0.004","0.0027","-9e-04"
"2016-07-06","02:31:04","AR","NZD/USD","UP","0.7201","0.18","54.8","0.0043","0.0033","3e-04"
"2016-07-06","02:31:09","AR","EUR/SEK","DOWN","9.3984","0.37","57.7","0.0243","0.0182","-8e-04"
"2016-07-06","02:31:15","AR","EUR/NOK","UP","9.2667","0.32","53.6","0.0374","0.0278","0.0035"
"2016-07-06","02:31:20","AR","USD/SEK","UP","8.4389","0.26","56.5","0.0401","0.0283","0.0022"
"2016-07-06","02:31:28","AR","USD/NOK","UP","8.3206","0.26","59.8","0.0441","0.0321","8e-04"
"2016-07-06","02:31:33","AR","EUR/JPY","UP","114.28","0.28","62","0.6279","0.4365","7e-04"
"2016-07-06","02:31:38","AR","XAU/USD","DOWN","1348.75","0.28","58.4","8.5566","6.447","-0.2539"
"2016-07-06","02:31:42","AR","XAG/USD","UP","20.2747","0.41","57.4","0.1671","0.1225","6e-04"
"2016-07-06","02:31:47","AR","XPD/USD","UP","613.605","0.05","46.4","10.7945","5.5372","0.3596"
"2016-07-06","02:31:54","AR","XPT/USD","UP","1063.08","0.05","40.7","12.6034","7.2808","1.5907"
"2016-07-06","02:31:58","MA","EUR/USD","UP","1.1137","n.a.","67","0.0049","0.0036","1e-04"
"2016-07-06","02:32:01","MA","USD/JPY","UP","102.61","n.a.","63.5","0.5536","0.3985","0.0517"
"2016-07-06","02:32:04","MA","GBP/USD","DOWN","1.3284","n.a.","63.2","0.0083","0.005","-1e-04"
"2016-07-06","02:32:07","MA","USD/CHF","UP","0.973","n.a.","64.4","0.004","0.0029","0"
"2016-07-06","02:32:10","MA","AUD/USD","UP","0.7511","n.a.","53.4","0.004","0.0031","2e-04"
"2016-07-06","02:32:13","MA","USD/CAD","DOWN","1.2877","n.a.","58.7","0.006","0.0043","-8e-04"
"2016-07-06","02:32:18","MA","EUR/CHF","DOWN","1.0837","n.a.","57.2","0.0024","0.0018","-2e-04"
"2016-07-06","02:32:21","MA","EUR/GBP","DOWN","0.8384","n.a.","56.7","0.004","0.0027","-4e-04"
"2016-07-06","02:32:24","MA","NZD/USD","UP","0.7201","n.a.","56.7","0.0043","0.0033","6e-04"
"2016-07-06","02:32:27","MA","EUR/SEK","DOWN","9.3984","n.a.","56.7","0.0243","0.0182","-7e-04"
"2016-07-06","02:32:32","MA","EUR/NOK","UP","9.2667","n.a.","53.1","0.0374","0.0278","0.0032"
"2016-07-06","02:32:37","MA","USD/SEK","DOWN","8.4389","n.a.","63.6","0.0401","0.0283","-3e-04"
"2016-07-06","02:32:42","MA","USD/NOK","UP","8.3206","n.a.","59.8","0.0441","0.0321","0.0013"
"2016-07-06","02:32:45","MA","EUR/JPY","UP","114.28","n.a.","62.5","0.6279","0.4365","0.0199"
"2016-07-06","02:32:48","MA","XAU/USD","DOWN","1348.75","n.a.","60.3","8.5566","6.447","-0.4548"
"2016-07-06","02:32:52","MA","XAG/USD","DOWN","20.2747","n.a.","58.4","0.1671","0.1225","-0.0542"
"2016-07-06","02:32:55","MA","XPD/USD","DOWN","613.605","n.a.","43.5","10.7945","5.5372","-0.0206"
"2016-07-06","02:33:00","MA","XPT/USD","DOWN","1063.08","n.a.","39.7","12.6034","7.2808","-0.0048"
"2016-07-06","02:33:04","ARMA","EUR/USD","UP","1.1137","n.a.","64.6","0.0049","0.0036","0"
"2016-07-06","02:33:08","ARMA","USD/JPY","UP","102.61","n.a.","60.1","0.5536","0.3985","0.0482"
"2016-07-06","02:33:11","ARMA","GBP/USD","UP","1.3284","n.a.","59.8","0.0083","0.005","0"
"2016-07-06","02:33:15","ARMA","USD/CHF","UP","0.973","n.a.","63.5","0.004","0.0029","0"
"2016-07-06","02:33:22","ARMA","AUD/USD","UP","0.7511","n.a.","51.9","0.004","0.0031","2e-04"
"2016-07-06","02:33:24","ARMA","USD/CAD","DOWN","1.2877","n.a.","51.9","0.006","0.0043","-8e-04"
"2016-07-06","02:33:28","ARMA","EUR/CHF","DOWN","1.0837","n.a.","54.8","0.0024","0.0018","-1e-04"
"2016-07-06","02:33:32","ARMA","EUR/GBP","DOWN","0.8384","n.a.","56.7","0.004","0.0027","-3e-04"
"2016-07-06","02:33:34","ARMA","NZD/USD","UP","0.7201","n.a.","56.7","0.0043","0.0033","7e-04"
"2016-07-06","02:33:38","ARMA","EUR/SEK","DOWN","9.3984","n.a.","57.2","0.0243","0.0182","-0.0014"
"2016-07-06","02:33:45","ARMA","EUR/NOK","UP","9.2667","n.a.","53.1","0.0374","0.0278","0.0033"
"2016-07-06","02:33:48","ARMA","USD/SEK","DOWN","8.4389","n.a.","62.7","0.0401","0.0283","-1e-04"
"2016-07-06","02:33:52","ARMA","USD/NOK","UP","8.3206","n.a.","60.3","0.0441","0.0321","9e-04"
"2016-07-06","02:33:55","ARMA","EUR/JPY","UP","114.28","n.a.","60.3","0.6279","0.4365","0.0227"
"2016-07-06","02:33:59","ARMA","XAU/USD","DOWN","1348.75","n.a.","58.4","8.5566","6.447","-0.2876"
"2016-07-06","02:34:02","ARMA","XAG/USD","DOWN","20.2747","n.a.","55","0.1671","0.1225","-0.0263"
"2016-07-06","02:34:06","ARMA","XPD/USD","DOWN","613.605","n.a.","55","10.7945","5.5372","-0.1498"
"2016-07-06","02:34:11","ARMA","XPT/USD","DOWN","1063.08","n.a.","55","12.6034","7.2808","-0.0858"
"2016-07-06","06:52:28","AR","EUR/USD","DOWN","1.1126","0.34","64.6","0.0049","0.0036","-6e-04"
"2016-07-06","06:52:31","AR","USD/JPY","DOWN","101.92","0.37","59.3","0.5538","0.3995","-0.2543"
"2016-07-06","06:52:34","AR","GBP/USD","DOWN","1.3161","0.23","59.8","0.0084","0.005","-0.001"
"2016-07-06","06:52:36","AR","USD/CHF","DOWN","0.9726","0.46","62.7","0.004","0.0029","-2e-04"
"2016-07-06","06:52:39","AR","AUD/USD","DOWN","0.7496","0.21","52.2","0.004","0.0031","-3e-04"
"2016-07-06","06:52:41","AR","USD/CAD","UP","1.291","0.28","56.5","0.0059","0.0043","0.001"
"2016-07-06","06:52:44","AR","EUR/CHF","DOWN","1.0822","0.21","52.2","0.0024","0.0018","-3e-04"
"2016-07-06","06:52:46","AR","EUR/GBP","UP","0.8455","0.34","56","0.004","0.0027","0.0019"
"2016-07-06","06:52:49","AR","NZD/USD","DOWN","0.7189","0.18","54.5","0.0043","0.0033","-5e-04"
"2016-07-06","06:52:51","AR","EUR/SEK","UP","9.4163","0.37","57.9","0.0243","0.0182","0.0052"
"2016-07-06","06:52:54","AR","EUR/NOK","UP","9.2827","0.32","54.1","0.0374","0.0278","0.0086"
"2016-07-06","06:52:56","AR","USD/SEK","UP","8.4631","0.26","56.9","0.0401","0.0284","0.0086"
"2016-07-06","06:52:59","AR","USD/NOK","UP","8.3431","0.26","60.3","0.0441","0.0322","0.0067"
"2016-07-06","06:53:02","AR","EUR/JPY","DOWN","113.4","0.28","62.2","0.6286","0.4379","-0.2482"
"2016-07-06","06:53:04","AR","XAU/USD","DOWN","1348.56","0.28","58.9","8.5566","6.4476","-0.3081"
"2016-07-06","06:53:07","AR","XAG/USD","DOWN","19.9586","0.4","57.4","0.1682","0.1236","-0.1462"
"2016-07-06","06:53:10","AR","XPD/USD","DOWN","605.026","0.05","46.4","10.8052","5.5651","-0.1245"
"2016-07-06","06:53:12","AR","XPT/USD","UP","1076","0.05","41.1","12.6245","7.3228","2.4254"
"2016-07-06","06:53:13","MA","EUR/USD","DOWN","1.1126","n.a.","67.5","0.0049","0.0036","-3e-04"
"2016-07-06","06:53:15","MA","USD/JPY","DOWN","101.92","n.a.","63.2","0.5538","0.3995","-0.2607"
"2016-07-06","06:53:16","MA","GBP/USD","DOWN","1.3161","n.a.","63.2","0.0084","0.005","-0.0026"
"2016-07-06","06:53:18","MA","USD/CHF","DOWN","0.9726","n.a.","64.6","0.004","0.0029","-2e-04"
"2016-07-06","06:53:19","MA","AUD/USD","DOWN","0.7496","n.a.","53.1","0.004","0.0031","-3e-04"
"2016-07-06","06:53:21","MA","USD/CAD","UP","1.291","n.a.","58.4","0.0059","0.0043","0.0011"
"2016-07-06","06:53:22","MA","EUR/CHF","DOWN","1.0822","n.a.","57.4","0.0024","0.0018","-3e-04"
"2016-07-06","06:53:23","MA","EUR/GBP","UP","0.8455","n.a.","56.5","0.004","0.0027","0.0022"
"2016-07-06","06:53:25","MA","NZD/USD","DOWN","0.7189","n.a.","56.5","0.0043","0.0033","-4e-04"
"2016-07-06","06:53:27","MA","EUR/SEK","UP","9.4163","n.a.","56.9","0.0243","0.0182","0.0076"
"2016-07-06","06:53:28","MA","EUR/NOK","UP","9.2827","n.a.","53.1","0.0374","0.0278","0.0083"
"2016-07-06","06:53:29","MA","USD/SEK","UP","8.4631","n.a.","64.1","0.0401","0.0284","0.0057"
"2016-07-06","06:53:31","MA","USD/NOK","UP","8.3431","n.a.","59.8","0.0441","0.0322","0.0069"
"2016-07-06","06:53:32","MA","EUR/JPY","DOWN","113.4","n.a.","62.2","0.6286","0.4379","-0.2444"
"2016-07-06","06:53:34","MA","XAU/USD","DOWN","1348.56","n.a.","60.3","8.5566","6.4476","-0.5059"
"2016-07-06","06:53:35","MA","XAG/USD","DOWN","19.9586","n.a.","58.4","0.1682","0.1236","-0.1665"
"2016-07-06","06:53:37","MA","XPD/USD","DOWN","605.026","n.a.","43.5","10.8052","5.5651","-0.5267"
"2016-07-06","06:53:38","MA","XPT/USD","UP","1076","n.a.","40.2","12.6245","7.3228","0.6595"
"2016-07-06","06:53:40","ARMA","EUR/USD","DOWN","1.1126","n.a.","64.6","0.0049","0.0036","-4e-04"
"2016-07-06","06:53:42","ARMA","USD/JPY","DOWN","101.92","n.a.","59.8","0.5538","0.3995","-0.2657"
"2016-07-06","06:53:44","ARMA","GBP/USD","DOWN","1.3161","n.a.","59.8","0.0084","0.005","-0.0031"
"2016-07-06","06:53:46","ARMA","USD/CHF","DOWN","0.9726","n.a.","63.6","0.004","0.0029","-2e-04"
"2016-07-06","06:53:48","ARMA","AUD/USD","DOWN","0.7496","n.a.","51.7","0.004","0.0031","-3e-04"
"2016-07-06","06:53:49","ARMA","USD/CAD","UP","1.291","n.a.","51.7","0.0059","0.0043","0.0011"
"2016-07-06","06:53:51","ARMA","EUR/CHF","DOWN","1.0822","n.a.","55","0.0024","0.0018","-3e-04"
"2016-07-06","06:53:53","ARMA","EUR/GBP","UP","0.8455","n.a.","56.5","0.004","0.0027","0.0024"
"2016-07-06","06:53:55","ARMA","NZD/USD","DOWN","0.7189","n.a.","56.5","0.0043","0.0033","-6e-04"
"2016-07-06","06:53:56","ARMA","EUR/SEK","UP","9.4163","n.a.","57.4","0.0243","0.0182","0.0075"
"2016-07-06","06:53:58","ARMA","EUR/NOK","UP","9.2827","n.a.","53.1","0.0374","0.0278","0.0084"
"2016-07-06","06:54:00","ARMA","USD/SEK","UP","8.4631","n.a.","62.7","0.0401","0.0284","0.0064"
"2016-07-06","06:54:02","ARMA","USD/NOK","UP","8.3431","n.a.","60.3","0.0441","0.0322","0.0067"
"2016-07-06","06:54:04","ARMA","EUR/JPY","DOWN","113.4","n.a.","60.3","0.6286","0.4379","-0.2529"
"2016-07-06","06:54:06","ARMA","XAU/USD","DOWN","1348.56","n.a.","58.4","8.5566","6.4476","-0.3411"
"2016-07-06","06:54:08","ARMA","XAG/USD","DOWN","19.9586","n.a.","55","0.1682","0.1236","-0.1557"
"2016-07-06","06:54:09","ARMA","XPD/USD","DOWN","605.026","n.a.","55","10.8052","5.5651","-0.7191"
"2016-07-06","06:54:11","ARMA","XPT/USD","UP","1076","n.a.","55","12.6245","7.3228","0.5853"
"2016-07-07","02:30:08","AR","EUR/USD","UP","1.1126","0.34","64.1","0.0049","0.0036","0"
"2016-07-07","02:30:14","AR","USD/JPY","UP","101.92","0.37","58.9","0.5536","0.3987","0.0655"
"2016-07-07","02:30:20","AR","GBP/USD","DOWN","1.3161","0.23","60.1","0.0084","0.005","-0.001"
"2016-07-07","02:30:27","AR","USD/CHF","DOWN","0.9726","0.46","62.5","0.004","0.0029","-2e-04"
"2016-07-07","02:30:33","AR","AUD/USD","DOWN","0.7496","0.21","52.4","0.004","0.0031","-3e-04"
"2016-07-07","02:30:38","AR","USD/CAD","DOWN","1.291","0.27","56.5","0.0059","0.0043","-3e-04"
"2016-07-07","02:30:42","AR","EUR/CHF","DOWN","1.0822","0.21","51.9","0.0024","0.0018","-3e-04"
"2016-07-07","02:30:47","AR","EUR/GBP","UP","0.8455","0.34","56.2","0.004","0.0027","0.0019"
"2016-07-07","02:30:52","AR","NZD/USD","DOWN","0.7189","0.18","54.3","0.0043","0.0033","-5e-04"
"2016-07-07","02:30:57","AR","EUR/SEK","UP","9.4163","0.36","58.2","0.0243","0.0182","0.005"
"2016-07-07","02:31:02","AR","EUR/NOK","UP","9.2827","0.32","54.3","0.0374","0.0279","0.0086"
"2016-07-07","02:31:07","AR","USD/SEK","UP","8.4631","0.26","56.5","0.0401","0.0283","6e-04"
"2016-07-07","02:31:12","AR","USD/NOK","UP","8.3431","0.26","59.8","0.044","0.0321","0.001"
"2016-07-07","02:31:17","AR","EUR/JPY","UP","113.4","0.28","61.7","0.6279","0.436","0.0294"
"2016-07-07","02:31:22","AR","XAU/USD","DOWN","1348.56","0.28","58.4","8.5508","6.4316","-0.0018"
"2016-07-07","02:31:26","AR","XAG/USD","UP","19.9586","0.39","56.9","0.1681","0.1233","0.0374"
"2016-07-07","02:31:31","AR","XPD/USD","UP","605.026","0.05","45.9","10.8052","5.5651","0.9545"
"2016-07-07","02:31:36","AR","XPT/USD","DOWN","1076","0.05","40.7","12.6245","7.3228","-0.0797"
"2016-07-07","02:31:39","MA","EUR/USD","UP","1.1126","n.a.","67","0.0049","0.0036","1e-04"
"2016-07-07","02:31:42","MA","USD/JPY","UP","101.92","n.a.","62.7","0.5536","0.3987","0.0903"
"2016-07-07","02:31:45","MA","GBP/USD","DOWN","1.3161","n.a.","63.5","0.0084","0.005","-0.0026"
"2016-07-07","02:31:48","MA","USD/CHF","DOWN","0.9726","n.a.","64.4","0.004","0.0029","-2e-04"
"2016-07-07","02:31:51","MA","AUD/USD","DOWN","0.7496","n.a.","52.9","0.004","0.0031","-3e-04"
"2016-07-07","02:31:54","MA","USD/CAD","DOWN","1.291","n.a.","58.4","0.0059","0.0043","-3e-04"
"2016-07-07","02:31:57","MA","EUR/CHF","DOWN","1.0822","n.a.","57.2","0.0024","0.0018","-3e-04"
"2016-07-07","02:32:00","MA","EUR/GBP","UP","0.8455","n.a.","56.7","0.004","0.0027","0.0022"
"2016-07-07","02:32:03","MA","NZD/USD","DOWN","0.7189","n.a.","56.2","0.0043","0.0033","-4e-04"
"2016-07-07","02:32:06","MA","EUR/SEK","UP","9.4163","n.a.","57.2","0.0243","0.0182","0.0075"
"2016-07-07","02:32:09","MA","EUR/NOK","UP","9.2827","n.a.","52.9","0.0374","0.0279","0.0083"
"2016-07-07","02:32:12","MA","USD/SEK","DOWN","8.4631","n.a.","63.6","0.0401","0.0283","-0.0014"
"2016-07-07","02:32:15","MA","USD/NOK","DOWN","8.3431","n.a.","59.3","0.044","0.0321","-0.0017"
"2016-07-07","02:32:18","MA","EUR/JPY","UP","113.4","n.a.","61.7","0.6279","0.436","0.0646"
"2016-07-07","02:32:21","MA","XAU/USD","UP","1348.56","n.a.","59.8","8.5508","6.4316","0.1357"
"2016-07-07","02:32:24","MA","XAG/USD","UP","19.9586","n.a.","57.9","0.1681","0.1233","0.0573"
"2016-07-07","02:32:27","MA","XPD/USD","UP","605.026","n.a.","43.1","10.8052","5.5651","0.031"
"2016-07-07","02:32:30","MA","XPT/USD","DOWN","1076","n.a.","39.7","12.6245","7.3228","-0.0337"
"2016-07-07","02:32:34","ARMA","EUR/USD","UP","1.1126","n.a.","64.1","0.0049","0.0036","1e-04"
"2016-07-07","02:32:38","ARMA","USD/JPY","UP","101.92","n.a.","59.3","0.5536","0.3987","0.0501"
"2016-07-07","02:32:42","ARMA","GBP/USD","DOWN","1.3161","n.a.","60.1","0.0084","0.005","-0.0031"
"2016-07-07","02:32:45","ARMA","USD/CHF","DOWN","0.9726","n.a.","63.5","0.004","0.0029","-2e-04"
"2016-07-07","02:32:49","ARMA","AUD/USD","DOWN","0.7496","n.a.","51.4","0.004","0.0031","-3e-04"
"2016-07-07","02:32:51","ARMA","USD/CAD","DOWN","1.291","n.a.","51.4","0.0059","0.0043","-2e-04"
"2016-07-07","02:32:55","ARMA","EUR/CHF","DOWN","1.0822","n.a.","54.8","0.0024","0.0018","-3e-04"
"2016-07-07","02:32:59","ARMA","EUR/GBP","UP","0.8455","n.a.","56.7","0.004","0.0027","0.0024"
"2016-07-07","02:33:01","ARMA","NZD/USD","DOWN","0.7189","n.a.","56.7","0.0043","0.0033","-6e-04"
"2016-07-07","02:33:05","ARMA","EUR/SEK","UP","9.4163","n.a.","57.7","0.0243","0.0182","0.0074"
"2016-07-07","02:33:09","ARMA","EUR/NOK","UP","9.2827","n.a.","53.4","0.0374","0.0279","0.0084"
"2016-07-07","02:33:13","ARMA","USD/SEK","DOWN","8.4631","n.a.","62.2","0.0401","0.0283","-4e-04"
"2016-07-07","02:33:16","ARMA","USD/NOK","DOWN","8.3431","n.a.","59.8","0.044","0.0321","-0.001"
"2016-07-07","02:33:19","ARMA","EUR/JPY","UP","113.4","n.a.","59.8","0.6279","0.436","0.0356"
"2016-07-07","02:33:23","ARMA","XAU/USD","UP","1348.56","n.a.","57.9","8.5508","6.4316","0.0538"
"2016-07-07","02:33:26","ARMA","XAG/USD","UP","19.9586","n.a.","54.5","0.1681","0.1233","0.0227"
"2016-07-07","02:33:29","ARMA","XPD/USD","UP","605.026","n.a.","54.5","10.8052","5.5651","0.2998"
"2016-07-07","02:33:31","ARMA","XPT/USD","DOWN","1076","n.a.","54.5","12.6245","7.3228","-0.1843"
"2016-07-09","02:30:09","AR","EUR/USD","UP","1.1081","0.34","65.6","0.0049","0.0036","4e-04"
"2016-07-09","02:30:15","AR","USD/JPY","UP","100.944","0.37","59.8","0.5549","0.4004","0.0511"
"2016-07-09","02:30:21","AR","GBP/USD","DOWN","1.29507","0.24","60.6","0.0085","0.0051","-0.0012"
"2016-07-09","02:30:28","AR","USD/CHF","DOWN","0.97651","0.46","62.5","0.004","0.0029","-9e-04"
"2016-07-09","02:30:33","AR","AUD/USD","DOWN","0.75064","0.21","52.2","0.004","0.0031","-2e-04"
"2016-07-09","02:30:38","AR","USD/CAD","DOWN","1.29593","0.27","56.2","0.006","0.0043","-0.0021"
"2016-07-09","02:30:43","AR","EUR/CHF","UP","1.08207","0.2","55","0.0024","0.0018","0"
"2016-07-09","02:30:47","AR","EUR/GBP","DOWN","0.85564","0.34","57.7","0.004","0.0027","-3e-04"
"2016-07-09","02:30:52","AR","NZD/USD","DOWN","0.71876","0.17","54.5","0.0043","0.0033","-0.0011"
"2016-07-09","02:30:57","AR","EUR/SEK","DOWN","9.47657","0.38","58.4","0.0244","0.0182","-0.0034"
"2016-07-09","02:31:02","AR","EUR/NOK","DOWN","9.37639","0.33","54.5","0.0376","0.028","-0.0026"
"2016-07-09","02:31:06","AR","USD/SEK","DOWN","8.55216","0.26","56.5","0.0402","0.0285","-0.0068"
"2016-07-09","02:31:11","AR","USD/NOK","DOWN","8.46177","0.26","61.2","0.0442","0.0322","-0.011"
"2016-07-09","02:31:16","AR","EUR/JPY","UP","111.855","0.28","62.2","0.6334","0.4398","0.1307"
"2016-07-09","02:31:21","AR","XAU/USD","DOWN","1363.76","0.27","57.4","8.6063","6.4811","-0.3773"
"2016-07-09","02:31:26","AR","XAG/USD","DOWN","19.9686","0.36","56","0.1686","0.1239","-0.0189"
"2016-07-09","02:31:30","AR","XPD/USD","DOWN","609.832","0.05","45.9","10.8073","5.5807","-0.6972"
"2016-07-09","02:31:35","AR","XPT/USD","UP","1089.5","0.05","40.7","12.6402","7.3666","1.0961"
"2016-07-09","02:31:38","MA","EUR/USD","DOWN","1.1081","n.a.","67","0.0049","0.0036","-3e-04"
"2016-07-09","02:31:41","MA","USD/JPY","DOWN","100.944","n.a.","64.1","0.5549","0.4004","-0.0175"
"2016-07-09","02:31:44","MA","GBP/USD","UP","1.29507","n.a.","63.9","0.0085","0.0051","0.0012"
"2016-07-09","02:31:47","MA","USD/CHF","DOWN","0.97651","n.a.","64.4","0.004","0.0029","-0.0012"
"2016-07-09","02:31:50","MA","AUD/USD","DOWN","0.75064","n.a.","52.2","0.004","0.0031","-2e-04"
"2016-07-09","02:31:53","MA","USD/CAD","DOWN","1.29593","n.a.","58.7","0.006","0.0043","-0.0017"
"2016-07-09","02:31:56","MA","EUR/CHF","UP","1.08207","n.a.","59.3","0.0024","0.0018","0"
"2016-07-09","02:31:59","MA","EUR/GBP","DOWN","0.85564","n.a.","58.2","0.004","0.0027","-6e-04"
"2016-07-09","02:32:02","MA","NZD/USD","DOWN","0.71876","n.a.","56","0.0043","0.0033","-3e-04"
"2016-07-09","02:32:05","MA","EUR/SEK","DOWN","9.47657","n.a.","57.4","0.0244","0.0182","-0.0016"
"2016-07-09","02:32:08","MA","EUR/NOK","DOWN","9.37639","n.a.","53.6","0.0376","0.028","-0.0016"
"2016-07-09","02:32:11","MA","USD/SEK","UP","8.55216","n.a.","63.2","0.0402","0.0285","6e-04"
"2016-07-09","02:32:14","MA","USD/NOK","UP","8.46177","n.a.","60.3","0.0442","0.0322","3e-04"
"2016-07-09","02:32:17","MA","EUR/JPY","DOWN","111.855","n.a.","63.2","0.6334","0.4398","-0.0312"
"2016-07-09","02:32:20","MA","XAU/USD","UP","1363.76","n.a.","58.9","8.6063","6.4811","0.5189"
"2016-07-09","02:32:24","MA","XAG/USD","UP","19.9686","n.a.","56.9","0.1686","0.1239","0.0332"
"2016-07-09","02:32:26","MA","XPD/USD","DOWN","609.832","n.a.","43.5","10.8073","5.5807","-0.0055"
"2016-07-09","02:32:29","MA","XPT/USD","DOWN","1089.5","n.a.","39.7","12.6402","7.3666","-0.006"
"2016-07-09","02:32:33","ARMA","EUR/USD","DOWN","1.1081","n.a.","64.6","0.0049","0.0036","-1e-04"
"2016-07-09","02:32:37","ARMA","USD/JPY","DOWN","100.944","n.a.","60.3","0.5549","0.4004","-0.0053"
"2016-07-09","02:32:41","ARMA","GBP/USD","DOWN","1.29507","n.a.","60.6","0.0085","0.0051","-4e-04"
"2016-07-09","02:32:45","ARMA","USD/CHF","DOWN","0.97651","n.a.","65.4","0.004","0.0029","-9e-04"
"2016-07-09","02:32:48","ARMA","AUD/USD","DOWN","0.75064","n.a.","50.2","0.004","0.0031","-2e-04"
"2016-07-09","02:32:52","ARMA","USD/CAD","DOWN","1.29593","n.a.","54.8","0.006","0.0043","-0.0017"
"2016-07-09","02:32:55","ARMA","EUR/CHF","UP","1.08207","n.a.","54.8","0.0024","0.0018","0"
"2016-07-09","02:32:58","ARMA","EUR/GBP","UP","0.85564","n.a.","58.2","0.004","0.0027","0"
"2016-07-09","02:33:02","ARMA","NZD/USD","DOWN","0.71876","n.a.","58.2","0.0043","0.0033","-0.0013"
"2016-07-09","02:33:06","ARMA","EUR/SEK","DOWN","9.47657","n.a.","57.4","0.0244","0.0182","-0.0015"
"2016-07-09","02:33:09","ARMA","EUR/NOK","DOWN","9.37639","n.a.","54.1","0.0376","0.028","-0.0016"
"2016-07-09","02:33:13","ARMA","USD/SEK","DOWN","8.55216","n.a.","62.2","0.0402","0.0285","-1e-04"
"2016-07-09","02:33:17","ARMA","USD/NOK","DOWN","8.46177","n.a.","60.8","0.0442","0.0322","-1e-04"
"2016-07-09","02:33:20","ARMA","EUR/JPY","DOWN","111.855","n.a.","61.2","0.6334","0.4398","-0.0126"
"2016-07-09","02:33:24","ARMA","XAU/USD","UP","1363.76","n.a.","61.2","8.6063","6.4811","0.198"
"2016-07-09","02:33:27","ARMA","XAG/USD","UP","19.9686","n.a.","53.6","0.1686","0.1239","0.0052"
"2016-07-09","02:33:30","ARMA","XPD/USD","UP","609.832","n.a.","53.6","10.8073","5.5807","0.0362"
"2016-07-09","02:33:32","ARMA","XPT/USD","DOWN","1089.5","n.a.","53.6","12.6402","7.3666","-0.0063"
"2016-07-10","02:30:07","AR","EUR/USD","DOWN","1.1063","0.33","66.3","0.0049","0.0036","-2e-04"
"2016-07-10","02:30:14","AR","USD/JPY","DOWN","100.613","0.37","60.1","0.5554","0.4016","-0.0726"
"2016-07-10","02:30:20","AR","GBP/USD","UP","1.29443","0.24","61.1","0.0085","0.0051","0.0043"
"2016-07-10","02:30:26","AR","USD/CHF","UP","0.980325","0.45","62.5","0.004","0.0029","0.0019"
"2016-07-10","02:30:31","AR","AUD/USD","UP","0.75184","0.21","52.9","0.004","0.0031","0"
"2016-07-10","02:30:36","AR","USD/CAD","UP","1.30217","0.26","56.2","0.0059","0.0043","0.0019"
"2016-07-10","02:30:41","AR","EUR/CHF","UP","1.08453","0.2","54.8","0.0024","0.0018","5e-04"
"2016-07-10","02:30:46","AR","EUR/GBP","DOWN","0.85466","0.34","57.2","0.004","0.0027","-0.0013"
"2016-07-10","02:30:50","AR","NZD/USD","UP","0.72659","0.18","55.3","0.0043","0.0033","2e-04"
"2016-07-10","02:30:55","AR","EUR/SEK","UP","9.4858","0.38","58.7","0.0242","0.0181","2e-04"
"2016-07-10","02:31:00","AR","EUR/NOK","UP","9.41081","0.33","55.3","0.0376","0.028","0.009"
"2016-07-10","02:31:05","AR","USD/SEK","DOWN","8.57436","0.26","56.7","0.0403","0.0286","-9e-04"
"2016-07-10","02:31:10","AR","USD/NOK","UP","8.50654","0.26","62","0.0444","0.0324","7e-04"
"2016-07-10","02:31:15","AR","EUR/JPY","DOWN","111.307","0.28","62.5","0.6344","0.4411","-0.0278"
"2016-07-10","02:31:20","AR","XAU/USD","DOWN","1357.78","0.27","57.7","8.6187","6.5002","-2.0401"
"2016-07-10","02:31:24","AR","XAG/USD","DOWN","19.7975","0.36","55.8","0.1687","0.1242","-0.072"
"2016-07-10","02:31:30","AR","XPD/USD","DOWN","618.85","0.05","45.7","10.8375","5.6283","-0.2404"
"2016-07-10","02:31:34","AR","XPT/USD","UP","1098.99","0.05","40.4","12.672","7.4215","1.6276"
"2016-07-10","02:31:37","MA","EUR/USD","DOWN","1.1063","n.a.","67.3","0.0049","0.0036","-9e-04"
"2016-07-10","02:31:40","MA","USD/JPY","DOWN","100.613","n.a.","63.9","0.5554","0.4016","-0.1346"
"2016-07-10","02:31:43","MA","GBP/USD","DOWN","1.29443","n.a.","63.9","0.0085","0.0051","-4e-04"
"2016-07-10","02:31:46","MA","USD/CHF","UP","0.980325","n.a.","64.4","0.004","0.0029","0.0021"
"2016-07-10","02:31:49","MA","AUD/USD","UP","0.75184","n.a.","52.9","0.004","0.0031","0"
"2016-07-10","02:31:52","MA","USD/CAD","UP","1.30217","n.a.","58.7","0.0059","0.0043","0.002"
"2016-07-10","02:31:55","MA","EUR/CHF","UP","1.08453","n.a.","59.6","0.0024","0.0018","5e-04"
"2016-07-10","02:31:58","MA","EUR/GBP","DOWN","0.85466","n.a.","58.2","0.004","0.0027","-1e-04"
"2016-07-10","02:32:01","MA","NZD/USD","UP","0.72659","n.a.","56.7","0.0043","0.0033","0.0013"
"2016-07-10","02:32:04","MA","EUR/SEK","UP","9.4858","n.a.","57.7","0.0242","0.0181","0.0022"
"2016-07-10","02:32:07","MA","EUR/NOK","UP","9.41081","n.a.","54.3","0.0376","0.028","0.0097"
"2016-07-10","02:32:10","MA","USD/SEK","UP","8.57436","n.a.","63.5","0.0403","0.0286","0.0061"
"2016-07-10","02:32:13","MA","USD/NOK","UP","8.50654","n.a.","61.1","0.0444","0.0324","0.0113"
"2016-07-10","02:32:16","MA","EUR/JPY","DOWN","111.307","n.a.","63.5","0.6344","0.4411","-0.1798"
"2016-07-10","02:32:19","MA","XAU/USD","DOWN","1357.78","n.a.","59.6","8.6187","6.5002","-1.0331"
"2016-07-10","02:32:22","MA","XAG/USD","DOWN","19.7975","n.a.","57.2","0.1687","0.1242","-0.0209"
"2016-07-10","02:32:25","MA","XPD/USD","UP","618.85","n.a.","43.8","10.8375","5.6283","0.5237"
"2016-07-10","02:32:28","MA","XPT/USD","UP","1098.99","n.a.","39.9","12.672","7.4215","0.5147"
"2016-07-10","02:32:32","ARMA","EUR/USD","DOWN","1.1063","n.a.","64.9","0.0049","0.0036","-7e-04"
"2016-07-10","02:32:35","ARMA","USD/JPY","DOWN","100.613","n.a.","60.1","0.5554","0.4016","-0.1286"
"2016-07-10","02:32:39","ARMA","GBP/USD","DOWN","1.29443","n.a.","61.1","0.0085","0.0051","-2e-04"
"2016-07-10","02:32:43","ARMA","USD/CHF","UP","0.980325","n.a.","65.4","0.004","0.0029","0.0019"
"2016-07-10","02:32:46","ARMA","AUD/USD","UP","0.75184","n.a.","51","0.004","0.0031","0"
"2016-07-10","02:32:50","ARMA","USD/CAD","UP","1.30217","n.a.","54.8","0.0059","0.0043","0.0019"
"2016-07-10","02:32:53","ARMA","EUR/CHF","UP","1.08453","n.a.","54.8","0.0024","0.0018","5e-04"
"2016-07-10","02:32:56","ARMA","EUR/GBP","DOWN","0.85466","n.a.","57.7","0.004","0.0027","-3e-04"
"2016-07-10","02:33:00","ARMA","NZD/USD","UP","0.72659","n.a.","57.7","0.0043","0.0033","3e-04"
"2016-07-10","02:33:03","ARMA","EUR/SEK","UP","9.4858","n.a.","57.7","0.0242","0.0181","0.0021"
"2016-07-10","02:33:07","ARMA","EUR/NOK","UP","9.41081","n.a.","54.8","0.0376","0.028","0.0097"
"2016-07-10","02:33:11","ARMA","USD/SEK","UP","8.57436","n.a.","63","0.0403","0.0286","0.0059"
"2016-07-10","02:33:14","ARMA","USD/NOK","UP","8.50654","n.a.","61.5","0.0444","0.0324","0.0114"
"2016-07-10","02:33:18","ARMA","EUR/JPY","DOWN","111.307","n.a.","61.5","0.6344","0.4411","-0.1667"
"2016-07-10","02:33:21","ARMA","XAU/USD","DOWN","1357.78","n.a.","61.5","8.6187","6.5002","-1.393"
"2016-07-10","02:33:25","ARMA","XAG/USD","DOWN","19.7975","n.a.","53.8","0.1687","0.1242","-0.0549"
"2016-07-10","02:33:27","ARMA","XPD/USD","UP","618.85","n.a.","53.8","10.8375","5.6283","0.6299"
"2016-07-10","02:33:30","ARMA","XPT/USD","UP","1098.99","n.a.","53.8","12.672","7.4215","0.5124"
"2016-07-11","02:30:08","AR","EUR/USD","DOWN","1.10503","0.33","66.3","0.0049","0.0036","-3e-04"
"2016-07-11","02:30:14","AR","USD/JPY","DOWN","100.613","0.37","59.9","0.5562","0.4025","-0.0729"
"2016-07-11","02:30:20","AR","GBP/USD","UP","1.29519","0.24","61.1","0.0085","0.0051","0.0027"
"2016-07-11","02:30:26","AR","USD/CHF","UP","0.98331","0.45","63","0.004","0.0029","0.001"
"2016-07-11","02:30:32","AR","AUD/USD","UP","0.75184","0.21","53.1","0.004","0.0031","0"
"2016-07-11","02:30:37","AR","USD/CAD","UP","1.30396","0.26","56.7","0.0059","0.0043","6e-04"
"2016-07-11","02:30:41","AR","EUR/CHF","UP","1.08659","0.21","54.8","0.0024","0.0019","4e-04"
"2016-07-11","02:30:47","AR","EUR/GBP","DOWN","0.85318","0.34","57.2","0.004","0.0027","-7e-04"
"2016-07-11","02:30:51","AR","NZD/USD","UP","0.72659","0.18","55.6","0.0043","0.0033","2e-04"
"2016-07-11","02:30:57","AR","EUR/SEK","DOWN","9.48235","0.38","59.1","0.0242","0.0181","-7e-04"
"2016-07-11","02:31:01","AR","EUR/NOK","DOWN","9.41821","0.33","54.8","0.0376","0.028","-0.0016"
"2016-07-11","02:31:07","AR","USD/SEK","DOWN","8.57436","0.26","56.5","0.0403","0.0285","-8e-04"
"2016-07-11","02:31:11","AR","USD/NOK","UP","8.50654","0.26","62.3","0.0444","0.0325","7e-04"
"2016-07-11","02:31:16","AR","EUR/JPY","UP","111.101","0.28","62.5","0.6343","0.4408","0.0413"
"2016-07-11","02:31:21","AR","XAU/USD","UP","1366.24","0.27","57.7","8.6227","6.5098","3.0085"
"2016-07-11","02:31:26","AR","XAG/USD","UP","20.2676","0.36","55.8","0.1706","0.1255","0.1756"
"2016-07-11","02:31:30","AR","XPD/USD","DOWN","618.85","0.05","45.7","10.8375","5.6283","-0.1757"
"2016-07-11","02:31:35","AR","XPT/USD","UP","1098.99","0.05","39.9","12.672","7.4215","0.6027"
"2016-07-11","02:31:38","MA","EUR/USD","DOWN","1.10503","n.a.","67.8","0.0049","0.0036","-1e-04"
"2016-07-11","02:31:41","MA","USD/JPY","DOWN","100.613","n.a.","63.8","0.5562","0.4025","-0.1346"
"2016-07-11","02:31:44","MA","GBP/USD","UP","1.29519","n.a.","63.5","0.0085","0.0051","2e-04"
"2016-07-11","02:31:47","MA","USD/CHF","UP","0.98331","n.a.","64.9","0.004","0.0029","4e-04"
"2016-07-11","02:31:50","MA","AUD/USD","UP","0.75184","n.a.","53.1","0.004","0.0031","0"
"2016-07-11","02:31:53","MA","USD/CAD","DOWN","1.30396","n.a.","58.7","0.0059","0.0043","-1e-04"
"2016-07-11","02:31:56","MA","EUR/CHF","UP","1.08659","n.a.","60.1","0.0024","0.0019","3e-04"
"2016-07-11","02:31:59","MA","EUR/GBP","DOWN","0.85318","n.a.","58.7","0.004","0.0027","-4e-04"
"2016-07-11","02:32:02","MA","NZD/USD","UP","0.72659","n.a.","57","0.0043","0.0033","0.0013"
"2016-07-11","02:32:05","MA","EUR/SEK","DOWN","9.48235","n.a.","57.2","0.0242","0.0181","-0.0023"
"2016-07-11","02:32:08","MA","EUR/NOK","DOWN","9.41821","n.a.","54.3","0.0376","0.028","-8e-04"
"2016-07-11","02:32:11","MA","USD/SEK","UP","8.57436","n.a.","63.3","0.0403","0.0285","0.006"
"2016-07-11","02:32:14","MA","USD/NOK","UP","8.50654","n.a.","61.4","0.0444","0.0325","0.0113"
"2016-07-11","02:32:17","MA","EUR/JPY","DOWN","111.101","n.a.","63.9","0.6343","0.4408","-0.0073"
"2016-07-11","02:32:20","MA","XAU/USD","UP","1366.24","n.a.","59.6","8.6227","6.5098","2.4829"
"2016-07-11","02:32:23","MA","XAG/USD","UP","20.2676","n.a.","56.7","0.1706","0.1255","0.1627"
"2016-07-11","02:32:26","MA","XPD/USD","DOWN","618.85","n.a.","43.3","10.8375","5.6283","-0.0329"
"2016-07-11","02:32:29","MA","XPT/USD","DOWN","1098.99","n.a.","39.4","12.672","7.4215","-0.0297"
"2016-07-11","02:32:33","ARMA","EUR/USD","DOWN","1.10503","n.a.","65.4","0.0049","0.0036","-3e-04"
"2016-07-11","02:32:36","ARMA","USD/JPY","DOWN","100.613","n.a.","59.9","0.5562","0.4025","-0.1285"
"2016-07-11","02:32:40","ARMA","GBP/USD","UP","1.29519","n.a.","60.6","0.0085","0.0051","2e-04"
"2016-07-11","02:32:44","ARMA","USD/CHF","UP","0.98331","n.a.","65.9","0.004","0.0029","0.001"
"2016-07-11","02:32:47","ARMA","AUD/USD","UP","0.75184","n.a.","51.2","0.004","0.0031","0"
"2016-07-11","02:32:51","ARMA","USD/CAD","UP","1.30396","n.a.","55.3","0.0059","0.0043","1e-04"
"2016-07-11","02:32:54","ARMA","EUR/CHF","UP","1.08659","n.a.","55.3","0.0024","0.0019","4e-04"
"2016-07-11","02:32:57","ARMA","EUR/GBP","DOWN","0.85318","n.a.","58.2","0.004","0.0027","-5e-04"
"2016-07-11","02:33:01","ARMA","NZD/USD","UP","0.72659","n.a.","58.2","0.0043","0.0033","3e-04"
"2016-07-11","02:33:04","ARMA","EUR/SEK","DOWN","9.48235","n.a.","57.2","0.0242","0.0181","-0.0024"
"2016-07-11","02:33:08","ARMA","EUR/NOK","DOWN","9.41821","n.a.","54.8","0.0376","0.028","-8e-04"
"2016-07-11","02:33:12","ARMA","USD/SEK","UP","8.57436","n.a.","62.8","0.0403","0.0285","0.0058"
"2016-07-11","02:33:15","ARMA","USD/NOK","UP","8.50654","n.a.","61.8","0.0444","0.0325","0.0114"
"2016-07-11","02:33:19","ARMA","EUR/JPY","DOWN","111.101","n.a.","62","0.6343","0.4408","-0.0336"
"2016-07-11","02:33:23","ARMA","XAU/USD","UP","1366.24","n.a.","62","8.6227","6.5098","2.522"
"2016-07-11","02:33:26","ARMA","XAG/USD","UP","20.2676","n.a.","53.8","0.1706","0.1255","0.1746"
"2016-07-11","02:33:28","ARMA","XPD/USD","DOWN","618.85","n.a.","53.8","10.8375","5.6283","-0.2641"
"2016-07-11","02:33:31","ARMA","XPT/USD","DOWN","1098.99","n.a.","53.8","12.672","7.4215","-0.1529"
"2016-07-12","00:36:11","AR","EUR/USD","DOWN","1.10503","0.33","66.2","0.0049","0.0036","-3e-04"
"2016-07-12","00:36:13","AR","USD/JPY","UP","100.537","0.37","59.9","0.5562","0.4027","0.063"
"2016-07-12","00:36:16","AR","GBP/USD","UP","1.29519","0.24","60.9","0.0085","0.0051","0.0027"
"2016-07-12","00:36:19","AR","USD/CHF","UP","0.98331","0.45","62.8","0.004","0.0029","0.001"
"2016-07-12","00:36:21","AR","AUD/USD","UP","0.756885","0.21","53.6","0.004","0.0031","0.0011"
"2016-07-12","00:36:24","AR","USD/CAD","UP","1.30396","0.26","56.5","0.0059","0.0043","6e-04"
"2016-07-12","00:36:26","AR","EUR/CHF","UP","1.08659","0.21","55.1","0.0024","0.0019","4e-04"
"2016-07-12","00:36:29","AR","EUR/GBP","DOWN","0.85318","0.34","57","0.004","0.0027","-6e-04"
"2016-07-12","00:36:31","AR","NZD/USD","DOWN","0.73052","0.19","56","0.0043","0.0033","-9e-04"
"2016-07-12","00:36:34","AR","EUR/SEK","DOWN","9.48235","0.38","58.9","0.0242","0.018","-0.001"
"2016-07-12","00:36:36","AR","EUR/NOK","DOWN","9.41821","0.33","54.6","0.0376","0.028","-0.0014"
"2016-07-12","00:36:39","AR","USD/SEK","DOWN","8.58097","0.26","56.5","0.0401","0.0283","-0.0039"
"2016-07-12","00:36:41","AR","USD/NOK","UP","8.52321","0.26","61.8","0.0444","0.0325","0.0037"
"2016-07-12","00:36:44","AR","EUR/JPY","UP","111.101","0.28","62.3","0.6348","0.4405","0.0364"
"2016-07-12","00:36:47","AR","XAU/USD","UP","1366.24","0.27","58","8.6271","6.5101","3.0039"
"2016-07-12","00:36:49","AR","XAG/USD","UP","20.2676","0.36","55.6","0.1708","0.1256","0.1753"
"2016-07-12","00:36:52","AR","XPD/USD","DOWN","619.006","0.05","46.4","10.6862","5.538","-0.1672"
"2016-07-12","00:36:54","AR","XPT/USD","UP","1100.48","0.05","40.1","12.5214","7.3329","0.6885"
"2016-07-12","00:36:55","MA","EUR/USD","DOWN","1.10503","n.a.","68.1","0.0049","0.0036","-1e-04"
"2016-07-12","00:36:56","MA","USD/JPY","UP","100.537","n.a.","63.8","0.5562","0.4027","0.0207"
"2016-07-12","00:36:57","MA","GBP/USD","UP","1.29519","n.a.","63.3","0.0085","0.0051","2e-04"
"2016-07-12","00:36:58","MA","USD/CHF","UP","0.98331","n.a.","65.2","0.004","0.0029","4e-04"
"2016-07-12","00:36:59","MA","AUD/USD","UP","0.756885","n.a.","53.6","0.004","0.0031","0.001"
"2016-07-12","00:37:00","MA","USD/CAD","DOWN","1.30396","n.a.","58.5","0.0059","0.0043","-1e-04"
"2016-07-12","00:37:01","MA","EUR/CHF","UP","1.08659","n.a.","60.4","0.0024","0.0019","3e-04"
"2016-07-12","00:37:02","MA","EUR/GBP","DOWN","0.85318","n.a.","58.5","0.004","0.0027","-4e-04"
"2016-07-12","00:37:03","MA","NZD/USD","UP","0.73052","n.a.","57.5","0.0043","0.0033","6e-04"
"2016-07-12","00:37:04","MA","EUR/SEK","DOWN","9.48235","n.a.","57","0.0242","0.018","-0.0023"
"2016-07-12","00:37:05","MA","EUR/NOK","DOWN","9.41821","n.a.","54.1","0.0376","0.028","-8e-04"
"2016-07-12","00:37:06","MA","USD/SEK","UP","8.58097","n.a.","63.8","0.0401","0.0283","2e-04"
"2016-07-12","00:37:07","MA","USD/NOK","UP","8.52321","n.a.","61.8","0.0444","0.0325","0.0013"
"2016-07-12","00:37:08","MA","EUR/JPY","DOWN","111.101","n.a.","63.8","0.6348","0.4405","-0.0072"
"2016-07-12","00:37:09","MA","XAU/USD","UP","1366.24","n.a.","59.4","8.6271","6.5101","2.4721"
"2016-07-12","00:37:10","MA","XAG/USD","UP","20.2676","n.a.","56.5","0.1708","0.1256","0.1623"
"2016-07-12","00:37:11","MA","XPD/USD","DOWN","619.006","n.a.","43.5","10.6862","5.538","-0.0234"
"2016-07-12","00:37:12","MA","XPT/USD","UP","1100.48","n.a.","39.6","12.5214","7.3329","0.0543"
"2016-07-12","00:37:13","ARMA","EUR/USD","DOWN","1.10503","n.a.","65.7","0.0049","0.0036","-3e-04"
"2016-07-12","00:37:15","ARMA","USD/JPY","DOWN","100.537","n.a.","59.9","0.5562","0.4027","-0.0031"
"2016-07-12","00:37:16","ARMA","GBP/USD","UP","1.29519","n.a.","60.4","0.0085","0.0051","2e-04"
"2016-07-12","00:37:18","ARMA","USD/CHF","UP","0.98331","n.a.","66.2","0.004","0.0029","0.001"
"2016-07-12","00:37:19","ARMA","AUD/USD","UP","0.756885","n.a.","51.7","0.004","0.0031","0.001"
"2016-07-12","00:37:21","ARMA","USD/CAD","UP","1.30396","n.a.","55.1","0.0059","0.0043","1e-04"
"2016-07-12","00:37:22","ARMA","EUR/CHF","UP","1.08659","n.a.","55.1","0.0024","0.0019","5e-04"
"2016-07-12","00:37:23","ARMA","EUR/GBP","DOWN","0.85318","n.a.","58","0.004","0.0027","-5e-04"
"2016-07-12","00:37:25","ARMA","NZD/USD","UP","0.73052","n.a.","58","0.0043","0.0033","6e-04"
"2016-07-12","00:37:26","ARMA","EUR/SEK","DOWN","9.48235","n.a.","57","0.0242","0.018","-0.0024"
"2016-07-12","00:37:28","ARMA","EUR/NOK","DOWN","9.41821","n.a.","54.6","0.0376","0.028","-8e-04"
"2016-07-12","00:37:29","ARMA","USD/SEK","UP","8.58097","n.a.","63.3","0.0401","0.0283","0.0015"
"2016-07-12","00:37:30","ARMA","USD/NOK","UP","8.52321","n.a.","62.3","0.0444","0.0325","0.0026"
"2016-07-12","00:37:32","ARMA","EUR/JPY","DOWN","111.101","n.a.","61.8","0.6348","0.4405","-0.0344"
"2016-07-12","00:37:33","ARMA","XAU/USD","UP","1366.24","n.a.","61.8","8.6271","6.5101","2.5007"
"2016-07-12","00:37:35","ARMA","XAG/USD","UP","20.2676","n.a.","53.6","0.1708","0.1256","0.1743"
"2016-07-12","00:37:36","ARMA","XPD/USD","DOWN","619.006","n.a.","53.6","10.6862","5.538","-0.2523"
"2016-07-12","00:37:37","ARMA","XPT/USD","DOWN","1100.48","n.a.","53.6","12.5214","7.3329","-0.0619"
"2016-07-12","00:39:58","AR","EUR/USD","DOWN","1.10503","0.33","66.2","0.0049","0.0036","-3e-04"
"2016-07-12","00:40:00","AR","USD/JPY","UP","100.537","0.37","59.9","0.5562","0.4027","0.063"
"2016-07-12","00:40:03","AR","GBP/USD","UP","1.29519","0.24","60.9","0.0085","0.0051","0.0027"
"2016-07-12","00:40:05","AR","USD/CHF","UP","0.98331","0.45","62.8","0.004","0.0029","0.001"
"2016-07-12","00:40:08","AR","AUD/USD","UP","0.756885","0.21","53.6","0.004","0.0031","0.0011"
"2016-07-12","00:40:10","AR","USD/CAD","UP","1.30396","0.26","56.5","0.0059","0.0043","6e-04"
"2016-07-12","00:40:13","AR","EUR/CHF","UP","1.08659","0.21","55.1","0.0024","0.0019","4e-04"
"2016-07-12","00:40:15","AR","EUR/GBP","DOWN","0.85318","0.34","57","0.004","0.0027","-6e-04"
"2016-07-12","00:40:18","AR","NZD/USD","DOWN","0.73052","0.19","56","0.0043","0.0033","-9e-04"
"2016-07-12","00:40:21","AR","EUR/SEK","DOWN","9.48235","0.38","58.9","0.0242","0.018","-0.001"
"2016-07-12","00:40:23","AR","EUR/NOK","DOWN","9.41821","0.33","54.6","0.0376","0.028","-0.0014"
"2016-07-12","00:40:26","AR","USD/SEK","DOWN","8.58097","0.26","56.5","0.0401","0.0283","-0.0039"
"2016-07-12","00:40:29","AR","USD/NOK","UP","8.52321","0.26","61.8","0.0444","0.0325","0.0037"
"2016-07-12","00:40:31","AR","EUR/JPY","UP","111.101","0.28","62.3","0.6348","0.4405","0.0364"
"2016-07-12","00:40:34","AR","XAU/USD","UP","1366.24","0.27","58","8.6271","6.5101","3.0039"
"2016-07-12","00:40:37","AR","XAG/USD","UP","20.2676","0.36","55.6","0.1708","0.1256","0.1753"
"2016-07-12","00:40:39","AR","XPD/USD","DOWN","619.006","0.05","46.4","10.6862","5.538","-0.1672"
"2016-07-12","00:40:42","AR","XPT/USD","UP","1100.48","0.05","40.1","12.5214","7.3329","0.6885"
"2016-07-12","00:40:43","MA","EUR/USD","DOWN","1.10503","n.a.","68.1","0.0049","0.0036","-1e-04"
"2016-07-12","00:40:44","MA","USD/JPY","UP","100.537","n.a.","63.8","0.5562","0.4027","0.0207"
"2016-07-12","00:40:45","MA","GBP/USD","UP","1.29519","n.a.","63.3","0.0085","0.0051","2e-04"
"2016-07-12","00:40:46","MA","USD/CHF","UP","0.98331","n.a.","65.2","0.004","0.0029","4e-04"
"2016-07-12","00:40:47","MA","AUD/USD","UP","0.756885","n.a.","53.6","0.004","0.0031","0.001"
"2016-07-12","00:40:48","MA","USD/CAD","DOWN","1.30396","n.a.","58.5","0.0059","0.0043","-1e-04"
"2016-07-12","00:40:49","MA","EUR/CHF","UP","1.08659","n.a.","60.4","0.0024","0.0019","3e-04"
"2016-07-12","00:40:50","MA","EUR/GBP","DOWN","0.85318","n.a.","58.5","0.004","0.0027","-4e-04"
"2016-07-12","00:40:51","MA","NZD/USD","UP","0.73052","n.a.","57.5","0.0043","0.0033","6e-04"
"2016-07-12","00:40:52","MA","EUR/SEK","DOWN","9.48235","n.a.","57","0.0242","0.018","-0.0023"
"2016-07-12","00:40:54","MA","EUR/NOK","DOWN","9.41821","n.a.","54.1","0.0376","0.028","-8e-04"
"2016-07-12","00:40:55","MA","USD/SEK","UP","8.58097","n.a.","63.8","0.0401","0.0283","2e-04"
"2016-07-12","00:40:56","MA","USD/NOK","UP","8.52321","n.a.","61.8","0.0444","0.0325","0.0013"
"2016-07-12","00:40:57","MA","EUR/JPY","DOWN","111.101","n.a.","63.8","0.6348","0.4405","-0.0072"
"2016-07-12","00:40:58","MA","XAU/USD","UP","1366.24","n.a.","59.4","8.6271","6.5101","2.4721"
"2016-07-12","00:40:59","MA","XAG/USD","UP","20.2676","n.a.","56.5","0.1708","0.1256","0.1623"
"2016-07-12","00:41:00","MA","XPD/USD","DOWN","619.006","n.a.","43.5","10.6862","5.538","-0.0234"
"2016-07-12","00:41:01","MA","XPT/USD","UP","1100.48","n.a.","39.6","12.5214","7.3329","0.0543"
"2016-07-12","00:41:03","ARMA","EUR/USD","DOWN","1.10503","n.a.","65.7","0.0049","0.0036","-3e-04"
"2016-07-12","00:41:04","ARMA","USD/JPY","DOWN","100.537","n.a.","59.9","0.5562","0.4027","-0.0031"
"2016-07-12","00:41:06","ARMA","GBP/USD","UP","1.29519","n.a.","60.4","0.0085","0.0051","2e-04"
"2016-07-12","00:41:07","ARMA","USD/CHF","UP","0.98331","n.a.","66.2","0.004","0.0029","0.001"
"2016-07-12","00:41:09","ARMA","AUD/USD","UP","0.756885","n.a.","51.7","0.004","0.0031","0.001"
"2016-07-12","00:41:10","ARMA","USD/CAD","UP","1.30396","n.a.","55.1","0.0059","0.0043","1e-04"
"2016-07-12","00:41:12","ARMA","EUR/CHF","UP","1.08659","n.a.","55.1","0.0024","0.0019","5e-04"
"2016-07-12","00:41:13","ARMA","EUR/GBP","DOWN","0.85318","n.a.","58","0.004","0.0027","-5e-04"
"2016-07-12","00:41:15","ARMA","NZD/USD","UP","0.73052","n.a.","58","0.0043","0.0033","6e-04"
"2016-07-12","00:41:16","ARMA","EUR/SEK","DOWN","9.48235","n.a.","57","0.0242","0.018","-0.0024"
"2016-07-12","00:41:17","ARMA","EUR/NOK","DOWN","9.41821","n.a.","54.6","0.0376","0.028","-8e-04"
"2016-07-12","00:41:19","ARMA","USD/SEK","UP","8.58097","n.a.","63.3","0.0401","0.0283","0.0015"
"2016-07-12","00:41:20","ARMA","USD/NOK","UP","8.52321","n.a.","62.3","0.0444","0.0325","0.0026"
"2016-07-12","00:41:22","ARMA","EUR/JPY","DOWN","111.101","n.a.","61.8","0.6348","0.4405","-0.0344"
"2016-07-12","00:41:23","ARMA","XAU/USD","UP","1366.24","n.a.","61.8","8.6271","6.5101","2.5007"
"2016-07-12","00:41:25","ARMA","XAG/USD","UP","20.2676","n.a.","53.6","0.1708","0.1256","0.1743"
"2016-07-12","00:41:26","ARMA","XPD/USD","DOWN","619.006","n.a.","53.6","10.6862","5.538","-0.2523"
"2016-07-12","00:41:27","ARMA","XPT/USD","DOWN","1100.48","n.a.","53.6","12.5214","7.3329","-0.0619"
"2016-07-12","02:30:08","AR","EUR/USD","UP","1.10503","0.33","65.9","0.0049","0.0035","2e-04"
"2016-07-12","02:30:14","AR","USD/JPY","UP","100.537","0.37","59.6","0.5553","0.4014","0.0087"
"2016-07-12","02:30:20","AR","GBP/USD","UP","1.29519","0.24","60.6","0.0085","0.0051","0"
"2016-07-12","02:30:26","AR","USD/CHF","DOWN","0.98331","0.45","62.5","0.004","0.0029","-2e-04"
"2016-07-12","02:30:32","AR","AUD/USD","DOWN","0.756885","0.21","53.4","0.004","0.0031","-1e-04"
"2016-07-12","02:30:36","AR","USD/CAD","DOWN","1.30396","0.26","56.2","0.0059","0.0043","-4e-04"
"2016-07-12","02:30:41","AR","EUR/CHF","UP","1.08659","0.21","54.8","0.0024","0.0018","0"
"2016-07-12","02:30:46","AR","EUR/GBP","UP","0.85318","0.34","56.7","0.004","0.0027","0"
"2016-07-12","02:30:52","AR","NZD/USD","DOWN","0.73052","0.19","55.8","0.0043","0.0033","-5e-04"
"2016-07-12","02:30:57","AR","EUR/SEK","UP","9.48235","0.38","58.7","0.0241","0.0179","0.0022"
"2016-07-12","02:31:02","AR","EUR/NOK","DOWN","9.41821","0.33","54.3","0.0375","0.0279","-2e-04"
"2016-07-12","02:31:07","AR","USD/SEK","DOWN","8.58097","0.26","56.2","0.0401","0.0282","-0.0019"
"2016-07-12","02:31:12","AR","USD/NOK","UP","8.52321","0.26","61.8","0.0444","0.0325","0.0037"
"2016-07-12","02:31:17","AR","EUR/JPY","UP","111.101","0.28","62","0.6338","0.439","0.0336"
"2016-07-12","02:31:22","AR","XAU/USD","DOWN","1366.24","0.27","57.7","8.6131","6.4889","-0.3508"
"2016-07-12","02:31:27","AR","XAG/USD","DOWN","20.2676","0.35","55.3","0.1705","0.1252","-0.0217"
"2016-07-12","02:31:31","AR","XPD/USD","UP","619.006","0.05","46.2","10.6687","5.52","0.5883"
"2016-07-12","02:31:36","AR","XPT/USD","UP","1100.48","0.05","39.9","12.501","7.309","0.4922"
"2016-07-12","02:31:39","MA","EUR/USD","UP","1.10503","n.a.","67.8","0.0049","0.0035","0"
"2016-07-12","02:31:42","MA","USD/JPY","DOWN","100.537","n.a.","63.5","0.5553","0.4014","-0.0073"
"2016-07-12","02:31:45","MA","GBP/USD","DOWN","1.29519","n.a.","63","0.0085","0.0051","-1e-04"
"2016-07-12","02:31:48","MA","USD/CHF","DOWN","0.98331","n.a.","64.9","0.004","0.0029","-2e-04"
"2016-07-12","02:31:51","MA","AUD/USD","DOWN","0.756885","n.a.","53.4","0.004","0.0031","-2e-04"
"2016-07-12","02:31:54","MA","USD/CAD","UP","1.30396","n.a.","58.2","0.0059","0.0043","0"
"2016-07-12","02:31:57","MA","EUR/CHF","DOWN","1.08659","n.a.","60.1","0.0024","0.0018","-1e-04"
"2016-07-12","02:32:00","MA","EUR/GBP","UP","0.85318","n.a.","58.2","0.004","0.0027","1e-04"
"2016-07-12","02:32:03","MA","NZD/USD","DOWN","0.73052","n.a.","57.2","0.0043","0.0033","-1e-04"
"2016-07-12","02:32:06","MA","EUR/SEK","UP","9.48235","n.a.","56.7","0.0241","0.0179","0.001"
"2016-07-12","02:32:09","MA","EUR/NOK","UP","9.41821","n.a.","53.8","0.0375","0.0279","3e-04"
"2016-07-12","02:32:12","MA","USD/SEK","UP","8.58097","n.a.","63.5","0.0401","0.0282","0"
"2016-07-12","02:32:15","MA","USD/NOK","DOWN","8.52321","n.a.","61.5","0.0444","0.0324","-3e-04"
"2016-07-12","02:32:17","MA","EUR/JPY","UP","111.101","n.a.","63.5","0.6338","0.439","0.002"
"2016-07-12","02:32:20","MA","XAU/USD","DOWN","1366.24","n.a.","59.1","8.6131","6.4889","-0.6389"
"2016-07-12","02:32:23","MA","XAG/USD","DOWN","20.2676","n.a.","56.2","0.1705","0.1252","-0.0515"
"2016-07-12","02:32:26","MA","XPD/USD","UP","619.006","n.a.","43.3","10.6687","5.52","0.0014"
"2016-07-12","02:32:29","MA","XPT/USD","DOWN","1100.48","n.a.","39.4","12.501","7.309","-0.0031"
"2016-07-12","02:32:33","ARMA","EUR/USD","UP","1.10503","n.a.","65.4","0.0049","0.0035","1e-04"
"2016-07-12","02:32:37","ARMA","USD/JPY","UP","100.537","n.a.","59.6","0.5553","0.4014","6e-04"
"2016-07-12","02:32:41","ARMA","GBP/USD","UP","1.29519","n.a.","60.1","0.0085","0.0051","0"
"2016-07-12","02:32:45","ARMA","USD/CHF","DOWN","0.98331","n.a.","65.9","0.004","0.0029","-2e-04"
"2016-07-12","02:32:49","ARMA","AUD/USD","DOWN","0.756885","n.a.","51.4","0.004","0.0031","-2e-04"
"2016-07-12","02:32:53","ARMA","USD/CAD","UP","1.30396","n.a.","54.8","0.0059","0.0043","0"
"2016-07-12","02:32:56","ARMA","EUR/CHF","UP","1.08659","n.a.","54.8","0.0024","0.0018","0"
"2016-07-12","02:32:59","ARMA","EUR/GBP","UP","0.85318","n.a.","57.7","0.004","0.0027","0"
"2016-07-12","02:33:03","ARMA","NZD/USD","DOWN","0.73052","n.a.","57.7","0.0043","0.0033","-3e-04"
"2016-07-12","02:33:07","ARMA","EUR/SEK","UP","9.48235","n.a.","56.7","0.0241","0.0179","0.0013"
"2016-07-12","02:33:11","ARMA","EUR/NOK","UP","9.41821","n.a.","54.3","0.0375","0.0279","3e-04"
"2016-07-12","02:33:15","ARMA","USD/SEK","DOWN","8.58097","n.a.","63","0.0401","0.0282","-1e-04"
"2016-07-12","02:33:19","ARMA","USD/NOK","DOWN","8.52321","n.a.","62","0.0444","0.0324","-4e-04"
"2016-07-12","02:33:23","ARMA","EUR/JPY","UP","111.101","n.a.","61.5","0.6338","0.439","0.005"
"2016-07-12","02:33:26","ARMA","XAU/USD","DOWN","1366.24","n.a.","61.5","8.6131","6.4889","-0.4312"
"2016-07-12","02:33:30","ARMA","XAG/USD","DOWN","20.2676","n.a.","53.4","0.1705","0.1252","-0.0195"
"2016-07-12","02:33:32","ARMA","XPD/USD","UP","619.006","n.a.","53.4","10.6687","5.52","0.1024"
"2016-07-12","02:33:34","ARMA","XPT/USD","UP","1100.48","n.a.","53.4","12.501","7.309","0.0178"
"2016-07-16","21:04:55","AR","EUR/USD","DOWN","1.11062","0.33","65.1","0.0049","0.0035","-4e-04"
"2016-07-16","21:04:59","AR","USD/JPY","UP","105.693","0.4","60.3","0.5747","0.4151","0.0292"
"2016-07-16","21:05:02","AR","GBP/USD","DOWN","1.33337","0.24","61.2","0.0085","0.0051","-0.0014"
"2016-07-16","21:05:04","AR","USD/CHF","UP","0.981205","0.45","63.2","0.004","0.0029","1e-04"
"2016-07-16","21:05:07","AR","AUD/USD","UP","0.76234","0.2","53.1","0.004","0.0031","0"
"2016-07-16","21:05:10","AR","USD/CAD","UP","1.29123","0.26","56.5","0.0059","0.0043","0"
"2016-07-16","21:05:13","AR","EUR/CHF","DOWN","1.08973","0.2","54.5","0.0024","0.0019","-3e-04"
"2016-07-16","21:05:16","AR","EUR/GBP","DOWN","0.83296","0.33","56.9","0.0041","0.0027","-0.0012"
"2016-07-16","21:05:24","AR","NZD/USD","DOWN","0.71579","0.19","56","0.0043","0.0034","-2e-04"
"2016-07-16","21:05:27","AR","EUR/SEK","UP","9.4574","0.38","59.8","0.0242","0.018","0.0126"
"2016-07-16","21:05:29","AR","EUR/NOK","UP","9.3262","0.34","56","0.0375","0.028","0.0031"
"2016-07-16","21:05:32","AR","USD/SEK","UP","8.51558","0.26","56.9","0.0401","0.0283","0.0111"
"2016-07-16","21:05:34","AR","USD/NOK","UP","8.39743","0.27","63.2","0.0444","0.0324","0.005"
"2016-07-16","21:05:37","AR","EUR/JPY","DOWN","117.388","0.31","63.2","0.6588","0.4551","-0.0409"
"2016-07-16","21:05:39","AR","XAU/USD","DOWN","1331.14","0.27","57.9","8.5442","6.4541","-0.5379"
"2016-07-16","21:05:42","AR","XAG/USD","DOWN","20.2027","0.35","55.5","0.1704","0.1253","-0.0235"
"2016-07-16","21:05:45","AR","XPD/USD","UP","649.5","0.06","46.9","10.7267","5.6023","1.1225"
"2016-07-16","21:05:48","AR","XPT/USD","DOWN","1091.51","0.05","39.2","12.5024","7.3657","-0.8487"
"2016-07-16","21:05:49","MA","EUR/USD","DOWN","1.11062","n.a.","66.5","0.0049","0.0035","-5e-04"
"2016-07-16","21:05:50","MA","USD/JPY","UP","105.693","n.a.","64.1","0.5747","0.4151","0.1324"
"2016-07-16","21:05:51","MA","GBP/USD","UP","1.33337","n.a.","62.2","0.0085","0.0051","0.002"
"2016-07-16","21:05:52","MA","USD/CHF","UP","0.981205","n.a.","64.6","0.004","0.0029","5e-04"
"2016-07-16","21:05:53","MA","AUD/USD","DOWN","0.76234","n.a.","52.6","0.004","0.0031","-1e-04"
"2016-07-16","21:05:54","MA","USD/CAD","UP","1.29123","n.a.","58.4","0.0059","0.0043","1e-04"
"2016-07-16","21:05:55","MA","EUR/CHF","DOWN","1.08973","n.a.","60.3","0.0024","0.0019","-2e-04"
"2016-07-16","21:05:56","MA","EUR/GBP","DOWN","0.83296","n.a.","58.4","0.0041","0.0027","-0.0021"
"2016-07-16","21:05:57","MA","NZD/USD","DOWN","0.71579","n.a.","57.9","0.0043","0.0034","-0.0013"
"2016-07-16","21:05:58","MA","EUR/SEK","UP","9.4574","n.a.","57.9","0.0242","0.018","0.0128"
"2016-07-16","21:05:59","MA","EUR/NOK","UP","9.3262","n.a.","54.5","0.0375","0.028","0.0023"
"2016-07-16","21:06:00","MA","USD/SEK","UP","8.51558","n.a.","63.6","0.0401","0.0283","0.0093"
"2016-07-16","21:06:01","MA","USD/NOK","UP","8.39743","n.a.","62.2","0.0444","0.0324","0.0042"
"2016-07-16","21:06:02","MA","EUR/JPY","UP","117.388","n.a.","64.6","0.6588","0.4551","0.0813"
"2016-07-16","21:06:03","MA","XAU/USD","DOWN","1331.14","n.a.","59.8","8.5442","6.4541","-0.5667"
"2016-07-16","21:06:04","MA","XAG/USD","DOWN","20.2027","n.a.","56.9","0.1704","0.1253","-0.0199"
"2016-07-16","21:06:04","MA","XPD/USD","DOWN","649.5","n.a.","44","10.7267","5.6023","-0.0143"
"2016-07-16","21:06:05","MA","XPT/USD","DOWN","1091.51","n.a.","39.2","12.5024","7.3657","-0.513"
"2016-07-16","21:06:07","ARMA","EUR/USD","DOWN","1.11062","n.a.","64.6","0.0049","0.0035","-4e-04"
"2016-07-16","21:06:08","ARMA","USD/JPY","UP","105.693","n.a.","59.8","0.5747","0.4151","0.1845"
"2016-07-16","21:06:10","ARMA","GBP/USD","UP","1.33337","n.a.","60.3","0.0085","0.0051","0.0024"
"2016-07-16","21:06:11","ARMA","USD/CHF","UP","0.981205","n.a.","66.5","0.004","0.0029","1e-04"
"2016-07-16","21:06:13","ARMA","AUD/USD","DOWN","0.76234","n.a.","66.5","0.004","0.0031","-1e-04"
"2016-07-16","21:06:15","ARMA","USD/CAD","UP","1.29123","n.a.","55.5","0.0059","0.0043","0"
"2016-07-16","21:06:16","ARMA","EUR/CHF","DOWN","1.08973","n.a.","55.5","0.0024","0.0019","-3e-04"
"2016-07-16","21:06:17","ARMA","EUR/GBP","DOWN","0.83296","n.a.","58.4","0.0041","0.0027","-0.002"
"2016-07-16","21:06:18","ARMA","NZD/USD","DOWN","0.71579","n.a.","58.4","0.0043","0.0034","-0.001"
"2016-07-16","21:06:20","ARMA","EUR/SEK","UP","9.4574","n.a.","57.4","0.0242","0.018","0.012"
"2016-07-16","21:06:22","ARMA","EUR/NOK","UP","9.3262","n.a.","55","0.0375","0.028","0.0023"
"2016-07-16","21:06:23","ARMA","USD/SEK","UP","8.51558","n.a.","62.7","0.0401","0.0283","0.0081"
"2016-07-16","21:06:25","ARMA","USD/NOK","UP","8.39743","n.a.","62.7","0.0444","0.0324","0.0034"
"2016-07-16","21:06:26","ARMA","EUR/JPY","UP","117.388","n.a.","62.2","0.6588","0.4551","0.1392"
"2016-07-16","21:06:28","ARMA","XAU/USD","DOWN","1331.14","n.a.","62.2","8.5442","6.4541","-0.6003"
"2016-07-16","21:06:29","ARMA","XAG/USD","DOWN","20.2027","n.a.","54.5","0.1704","0.1253","-0.0235"
"2016-07-16","21:06:30","ARMA","XPD/USD","UP","649.5","n.a.","54.5","10.7267","5.6023","0.1616"
"2016-07-16","21:06:31","ARMA","XPT/USD","DOWN","1091.51","n.a.","54.5","12.5024","7.3657","-0.5697"
