Date,Time UTC+1,Asset,AR Forecast,AR Rolling Hit-Rate,AR Alpha,AR ACD,MA Forecast,MA Rolling Hit-Rate,MA ACD,ARMA Forecast,AMRA Rolling Hit-Rate,ARMA ACD,Last Input,SD,MAD
16-07-16,21:32:08,EUR/USD,DOWN,65.1,0.33,-4.00E-04,DOWN,66.5,-5.00E-04,DOWN,64.6,-4.00E-04,1.11062,0.0049,0.0035
16-07-16,21:32:14,USD/JPY,UP,60.3,0.4,0.0292,UP,64.1,0.1324,UP,59.8,0.1845,105.693,0.5747,0.4151
16-07-16,21:32:20,GBP/USD,DOWN,61.2,0.24,-0.0014,UP,62.2,0.002,UP,60.3,0.0024,1.33337,0.0085,0.0051
16-07-16,21:32:26,USD/CHF,UP,63.2,0.45,1.00E-04,UP,64.6,5.00E-04,UP,66.5,1.00E-04,0.981205,0.004,0.0029
16-07-16,21:32:33,AUD/USD,UP,53.1,0.2,0,DOWN,52.6,-1.00E-04,DOWN,52.6,-1.00E-04,0.76234,0.004,0.0031
16-07-16,21:32:39,USD/CAD,UP,56.5,0.26,0,UP,58.4,1.00E-04,UP,55.5,0,1.29123,0.0059,0.0043
16-07-16,21:32:44,EUR/CHF,DOWN,54.5,0.2,-3.00E-04,DOWN,60.3,-2.00E-04,DOWN,60.3,-3.00E-04,1.08973,0.0024,0.0019
16-07-16,21:32:50,EUR/GBP,DOWN,56.9,0.33,-0.0012,DOWN,58.4,-0.0021,DOWN,58.4,-0.002,0.83296,0.0041,0.0027
16-07-16,21:32:56,NZD/USD,DOWN,56,0.19,-2.00E-04,DOWN,57.9,-0.0013,DOWN,57.9,-0.001,0.71579,0.0043,0.0034
16-07-16,21:33:02,EUR/SEK,UP,59.8,0.38,0.0126,UP,57.9,0.0128,UP,57.4,0.012,9.4574,0.0242,0.018
16-07-16,21:33:08,EUR/NOK,UP,56,0.34,0.0031,UP,54.5,0.0023,UP,55,0.0023,9.3262,0.0375,0.028
16-07-16,21:33:14,USD/SEK,UP,56.9,0.26,0.0111,UP,63.6,0.0093,UP,62.7,0.0081,8.51558,0.0401,0.0283
16-07-16,21:33:20,USD/NOK,UP,63.2,0.27,0.005,UP,62.2,0.0042,UP,62.7,0.0034,8.39743,0.0444,0.0324
16-07-16,21:33:26,EUR/JPY,DOWN,63.2,0.31,-0.0409,UP,64.6,0.0813,UP,62.2,0.1392,117.388,0.6588,0.4551
16-07-16,21:33:32,XAU/USD,DOWN,57.9,0.27,-0.5379,DOWN,59.8,-0.5667,DOWN,59.8,-0.6003,1331.14,8.5442,6.4541
16-07-16,21:33:38,XAG/USD,DOWN,55.5,0.35,-0.0235,DOWN,56.9,-0.0199,DOWN,54.5,-0.0235,20.2027,0.1704,0.1253
16-07-16,21:33:43,XPD/USD,UP,46.9,0.06,1.1225,DOWN,44,-0.0143,UP,44,0.1616,649.5,10.7267,5.6023
16-07-16,21:33:48,XPT/USD,DOWN,39.2,0.05,-0.8487,DOWN,39.2,-0.513,DOWN,39.2,-0.5697,1091.51,12.5024,7.3657
17-07-16,02:42:40,EUR/USD,DOWN,64.9,0.33,-4.00E-04,DOWN,66.3,-5.00E-04,DOWN,64.4,-4.00E-04,1.11062,0.0049,0.0035
17-07-16,02:42:45,USD/JPY,DOWN,55.1,0.1,-0.1156,DOWN,51.2,-0.0976,DOWN,52.2,-0.0681,104.808,0.6745,0.4906
17-07-16,02:42:50,GBP/USD,DOWN,61.5,0.24,-0.0014,UP,62.5,0.002,UP,60.6,0.0024,1.33337,0.0086,0.0052
17-07-16,02:42:55,USD/CHF,UP,63,0.45,1.00E-04,UP,64.4,5.00E-04,UP,66.3,1.00E-04,0.981205,0.004,0.0029
17-07-16,02:43:01,AUD/USD,UP,52.9,0.2,0,DOWN,52.9,-1.00E-04,DOWN,52.9,-1.00E-04,0.76234,0.004,0.0031
17-07-16,02:43:06,USD/CAD,UP,56.7,0.26,0,UP,58.7,1.00E-04,UP,55.8,0,1.29123,0.006,0.0043
17-07-16,02:43:11,EUR/CHF,DOWN,54.8,0.2,-3.00E-04,DOWN,60.6,-2.00E-04,DOWN,60.6,-3.00E-04,1.08973,0.0024,0.0019
17-07-16,02:43:17,EUR/GBP,DOWN,56.7,0.33,-0.0012,DOWN,58.2,-0.0021,DOWN,58.2,-0.002,0.83296,0.0041,0.0027
17-07-16,02:43:22,NZD/USD,DOWN,56.2,0.19,-3.00E-04,DOWN,58.2,-0.0013,DOWN,58.2,-0.001,0.71579,0.0043,0.0034
17-07-16,02:43:27,EUR/SEK,UP,59.6,0.38,0.0126,UP,57.7,0.0128,UP,57.2,0.012,9.4574,0.0241,0.018
17-07-16,02:43:32,EUR/NOK,UP,55.8,0.33,0.0032,UP,54.3,0.0023,UP,54.8,0.0023,9.3262,0.0374,0.0278
17-07-16,02:43:38,USD/SEK,UP,57.2,0.26,0.0111,UP,63.9,0.0093,UP,63,0.0081,8.51558,0.0402,0.0284
17-07-16,02:43:43,USD/NOK,UP,63.5,0.26,0.005,UP,62.5,0.0041,UP,63,0.0034,8.39743,0.0444,0.0325
17-07-16,02:43:48,EUR/JPY,DOWN,63,0.31,-0.0446,UP,64.4,0.0813,UP,62,0.1393,117.388,0.6588,0.4546
17-07-16,02:43:54,XAU/USD,DOWN,57.7,0.27,-0.5449,DOWN,59.6,-0.573,DOWN,59.6,-0.6049,1331.14,8.558,6.4698
17-07-16,02:44:00,XAG/USD,DOWN,55.3,0.36,-0.0237,DOWN,57.2,-0.0201,DOWN,54.8,-0.0237,20.2027,0.1707,0.1257
17-07-16,02:44:04,XPD/USD,UP,47.1,0.06,1.1224,DOWN,43.8,-0.0143,UP,43.8,0.1678,649.5,10.7442,5.6206
17-07-16,02:44:09,XPT/USD,DOWN,39.4,0.05,-0.8488,DOWN,38.9,-0.513,DOWN,38.9,-0.5697,1091.51,12.5228,7.3897
18-07-16,07:45:16,EUR/USD,UP,48.6,-0.04,7.00E-04,UP,47.6,0,DOWN,51,-7.00E-04,1.10631,0.0063,0.0044
18-07-16,07:45:29,USD/JPY,DOWN,54.8,0.09,-0.0067,DOWN,51,-0.0147,UP,51.9,0.0051,105.391,0.6747,0.4912
18-07-16,07:45:39,GBP/USD,DOWN,54.8,-0.12,-0.0028,UP,57.2,1.00E-04,UP,57.2,7.00E-04,1.32271,0.0115,0.0065
18-07-16,07:45:47,USD/CHF,UP,51.9,0.14,0,UP,51.9,0,UP,51.9,0,0.98301,0.0049,0.0036
18-07-16,07:45:58,AUD/USD,UP,47.1,-0.1,0,UP,51,0,UP,49.5,0,0.75934,0.005,0.0038
18-07-16,07:46:06,USD/CAD,DOWN,46.6,-0.03,-5.00E-04,UP,47.6,0,DOWN,47.6,-1.00E-04,1.29414,0.0074,0.0055
18-07-16,07:46:16,EUR/CHF,UP,52.9,-0.2,0.001,UP,53.8,0,UP,53.8,4.00E-04,1.08742,0.0035,0.0025
18-07-16,07:46:25,EUR/GBP,UP,46.6,-0.05,5.00E-04,UP,46.6,0,DOWN,46.6,-2.00E-04,0.83621,0.0053,0.0035
18-07-16,07:46:32,NZD/USD,UP,53.4,-0.06,1.00E-04,UP,43.8,0,UP,43.8,4.00E-04,0.70948,0.0052,0.004
18-07-16,07:46:42,EUR/SEK,UP,51.9,-0.11,0.001,DOWN,51,-1.00E-04,DOWN,51,-6.00E-04,9.45924,0.0332,0.0242
18-07-16,07:46:50,EUR/NOK,DOWN,45.2,-0.07,-0.0027,UP,51,0,DOWN,51,-0.0012,9.34812,0.0504,0.0378
18-07-16,07:47:01,USD/SEK,DOWN,54.8,-0.1,-0.0048,UP,52.4,0,DOWN,52.9,-0.0017,8.54901,0.0524,0.0346
18-07-16,07:47:08,USD/NOK,DOWN,51.4,-0.13,-0.0068,UP,51.9,0,DOWN,51.9,-0.003,8.44818,0.061,0.0437
18-07-16,07:47:16,EUR/JPY,DOWN,49,-0.07,-0.0444,UP,51,0.0014,UP,51,0.0703,116.648,0.8663,0.5638
18-07-16,07:47:25,XAU/USD,UP,50.5,-0.05,0.0194,DOWN,51.4,-0.0915,DOWN,51.4,-0.0028,1329.912,10.912,7.7431
18-07-16,07:47:34,XAG/USD,DOWN,46.6,0.04,-6.00E-04,UP,41.8,0.001,UP,41.8,9.00E-04,20.00156,0.2158,0.1553
18-07-16,07:47:43,XPD/USD,UP,46.9,0.04,0.0295,UP,48.3,0.0204,UP,48.3,0.0158,641.975,10.5847,7.8348
18-07-16,07:47:53,XPT/USD,UP,51,0.07,0.9719,UP,54.3,0.1906,UP,52.4,0.2435,1086.549,12.1852,9.3042
"2016-07-18","20:31:23","EUR/USD","UP","48.6","-0.04","7e-04","UP","47.6","0","DOWN","51","-7e-04","1.10631","0.0063","0.0044"
"2016-07-18","20:31:27","USD/JPY","DOWN","54.8","0.09","-0.0067","DOWN","51","-0.0147","UP","51.9","0.0051","105.391","0.6747","0.4912"
"2016-07-18","20:31:31","GBP/USD","DOWN","54.8","-0.12","-0.0028","UP","57.2","1e-04","UP","57.2","7e-04","1.32271","0.0115","0.0065"
"2016-07-18","20:31:35","USD/CHF","UP","51.9","0.14","0","UP","51.9","0","UP","51.9","0","0.98301","0.0049","0.0036"
"2016-07-18","20:31:39","AUD/USD","UP","47.1","-0.1","0","UP","51","0","UP","49.5","0","0.75934","0.005","0.0038"
"2016-07-18","20:31:42","USD/CAD","DOWN","46.6","-0.03","-5e-04","UP","47.6","0","DOWN","47.6","-1e-04","1.29414","0.0074","0.0055"
"2016-07-18","20:31:46","EUR/CHF","UP","52.9","-0.2","0.001","UP","53.8","0","UP","53.8","4e-04","1.08742","0.0035","0.0025"
"2016-07-18","20:31:50","EUR/GBP","UP","46.6","-0.05","5e-04","UP","46.6","0","DOWN","46.6","-2e-04","0.83621","0.0053","0.0035"
"2016-07-18","20:31:53","NZD/USD","UP","53.4","-0.06","1e-04","UP","43.8","0","UP","43.8","4e-04","0.70948","0.0052","0.004"
"2016-07-18","20:31:57","EUR/SEK","UP","51.9","-0.11","0.001","DOWN","51","-1e-04","DOWN","51","-6e-04","9.45924","0.0332","0.0242"
"2016-07-18","20:32:00","EUR/NOK","DOWN","45.2","-0.07","-0.0027","UP","51","0","DOWN","51","-0.0012","9.34812","0.0504","0.0378"
"2016-07-18","20:32:05","USD/SEK","DOWN","54.8","-0.1","-0.0048","UP","52.4","0","DOWN","52.9","-0.0017","8.54901","0.0524","0.0346"
"2016-07-18","20:32:08","USD/NOK","DOWN","51.4","-0.13","-0.0068","UP","51.9","0","DOWN","51.9","-0.003","8.44818","0.061","0.0437"
"2016-07-18","20:32:11","EUR/JPY","DOWN","49","-0.07","-0.0444","UP","51","0.0014","UP","51","0.0703","116.648","0.8663","0.5638"
"2016-07-18","20:32:14","XAU/USD","UP","50.5","-0.05","0.0194","DOWN","51.4","-0.0915","DOWN","51.4","-0.0028","1329.912","10.912","7.7431"
"2016-07-18","20:32:18","XAG/USD","DOWN","46.6","0.04","-6e-04","UP","41.8","0.001","UP","41.8","9e-04","20.00156","0.2158","0.1553"
"2016-07-18","20:32:22","XPD/USD","UP","46.9","0.04","0.0295","UP","48.3","0.0204","UP","48.3","0.0158","641.975","10.5847","7.8348"
"2016-07-18","20:32:26","XPT/USD","UP","51","0.07","0.9719","UP","54.3","0.1906","UP","52.4","0.2435","1086.549","12.1852","9.3042"
"2016-07-18","21:53:09","EUR/USD","UP","48.1","-0.04","7e-04","UP","47.1","0","DOWN","50.5","-9e-04","1.10718","0.0063","0.0044"
"2016-07-18","21:53:14","USD/JPY","UP","54.3","0.1","0.0598","UP","51.4","0.0531","UP","52.4","0.0887","106.147","0.676","0.4931"
"2016-07-18","21:53:18","GBP/USD","DOWN","54.8","-0.12","-0.0028","UP","57.2","1e-04","UP","57.2","7e-04","1.32271","0.0115","0.0065"
"2016-07-18","21:53:21","USD/CHF","UP","51.9","0.14","0","UP","51.9","0","UP","51.9","0","0.98301","0.0049","0.0036"
"2016-07-18","21:53:26","AUD/USD","UP","47.1","-0.1","0","UP","51","0","UP","49.5","0","0.75934","0.005","0.0038"
"2016-07-18","21:53:29","USD/CAD","DOWN","46.6","-0.03","-5e-04","UP","47.6","0","DOWN","47.6","-1e-04","1.29414","0.0074","0.0055"
"2016-07-18","21:53:33","EUR/CHF","UP","52.9","-0.2","0.001","UP","53.8","0","UP","53.8","4e-04","1.08742","0.0035","0.0025"
"2016-07-18","21:53:37","EUR/GBP","UP","46.6","-0.05","5e-04","UP","46.6","0","DOWN","46.6","-2e-04","0.83621","0.0053","0.0035"
"2016-07-18","21:53:40","NZD/USD","UP","53.4","-0.06","1e-04","UP","43.8","0","UP","43.8","4e-04","0.70948","0.0052","0.004"
"2016-07-18","21:53:45","EUR/SEK","UP","51.9","-0.11","0.001","DOWN","51","-1e-04","DOWN","51","-6e-04","9.45924","0.0332","0.0242"
"2016-07-18","21:53:48","EUR/NOK","DOWN","45.2","-0.07","-0.0027","UP","51","0","DOWN","51","-0.0012","9.34812","0.0504","0.0378"
"2016-07-18","21:53:53","USD/SEK","DOWN","54.8","-0.1","-0.0048","UP","52.4","0","DOWN","52.9","-0.0017","8.54901","0.0524","0.0346"
"2016-07-18","21:53:56","USD/NOK","DOWN","51.4","-0.13","-0.0068","UP","51.9","0","DOWN","51.9","-0.003","8.44818","0.061","0.0437"
"2016-07-18","21:53:59","EUR/JPY","DOWN","49","-0.07","-0.0444","UP","51","0.0014","UP","51","0.0703","116.648","0.8663","0.5638"
"2016-07-18","21:54:03","XAU/USD","UP","50.5","-0.05","0.0194","DOWN","51.4","-0.0915","DOWN","51.4","-0.0028","1329.912","10.912","7.7431"
"2016-07-18","21:54:07","XAG/USD","DOWN","46.6","0.04","-6e-04","UP","41.8","0.001","UP","41.8","9e-04","20.00156","0.2158","0.1553"
"2016-07-18","21:54:11","XPD/USD","UP","46.9","0.04","0.0295","UP","48.3","0.0204","UP","48.3","0.0158","641.975","10.5847","7.8348"
"2016-07-18","21:54:15","XPT/USD","UP","51","0.07","0.9719","UP","54.3","0.1906","UP","52.4","0.2435","1086.549","12.1852","9.3042"
"2016-07-18","22:29:31","EUR/USD","UP","48.1","-0.04","7e-04","UP","47.1","0","DOWN","50.5","-9e-04","1.10718","0.0063","0.0044"
"2016-07-18","22:29:35","USD/JPY","UP","54.3","0.1","0.0598","UP","51.4","0.0531","UP","52.4","0.0887","106.147","0.676","0.4931"
"2016-07-18","22:29:40","GBP/USD","DOWN","54.3","-0.12","-0.0032","DOWN","56.7","-2e-04","UP","56.7","3e-04","1.32573","0.0115","0.0065"
"2016-07-18","22:29:43","USD/CHF","DOWN","51.9","0.14","-1e-04","DOWN","51.9","-1e-04","DOWN","51.9","-1e-04","0.98241","0.0049","0.0036"
"2016-07-18","22:29:47","AUD/USD","DOWN","46.6","-0.1","-1e-04","DOWN","50.5","-1e-04","UP","49","0","0.7601","0.005","0.0038"
"2016-07-18","22:29:51","USD/CAD","DOWN","46.6","-0.03","-5e-04","UP","47.6","0","DOWN","47.6","-1e-04","1.29406","0.0074","0.0055"
"2016-07-18","22:29:55","EUR/CHF","UP","52.4","-0.2","9e-04","DOWN","53.4","-1e-04","UP","53.4","3e-04","1.0879","0.0035","0.0025"
"2016-07-18","22:29:58","EUR/GBP","UP","47.1","-0.05","6e-04","UP","46.2","0","DOWN","46.2","-1e-04","0.83516","0.0053","0.0035"
"2016-07-18","22:30:02","NZD/USD","UP","53.8","-0.06","0","DOWN","44.2","-1e-04","UP","44.2","2e-04","0.7117","0.0052","0.004"
"2016-07-18","22:30:06","EUR/SEK","DOWN","51.9","-0.11","-4e-04","DOWN","51","-0.0017","DOWN","51","-0.0022","9.47212","0.0332","0.0242"
"2016-07-18","22:30:09","EUR/NOK","DOWN","45.2","-0.07","-0.0025","UP","51","2e-04","DOWN","51","-0.001","9.34505","0.0504","0.0378"
"2016-07-18","22:30:13","USD/SEK","DOWN","54.8","-0.1","-0.0054","DOWN","52.4","-5e-04","DOWN","52.9","-0.0023","8.55507","0.0524","0.0347"
"2016-07-18","22:30:16","USD/NOK","DOWN","51.4","-0.13","-0.0059","UP","51.9","0.001","DOWN","51.9","-0.0021","8.4409","0.061","0.0437"
"2016-07-18","22:30:20","EUR/JPY","DOWN","48.6","-0.07","-0.1195","DOWN","50.5","-0.057","DOWN","50.5","-0.0138","117.572","0.8679","0.5663"
"2016-07-18","22:30:23","XAU/USD","UP","50.5","-0.05","0.0477","DOWN","51.4","-0.0646","UP","51.4","0.003","1329.36","10.9118","7.7414"
"2016-07-18","22:30:27","XAG/USD","UP","46.6","0.04","0.0013","UP","41.8","0.003","UP","41.8","0.0028","20.05732","0.2158","0.1554"
"2016-07-18","22:30:31","XPD/USD","UP","46.9","0.04","0.1961","UP","48.3","0.1829","UP","48.3","0.1766","646.169","10.5877","7.8485"
"2016-07-18","22:30:35","XPT/USD","UP","51","0.06","1.6162","UP","54.3","0.8724","UP","52.4","0.9387","1096.559","12.2039","9.3369"
"2016-07-18","22:30:41","SPX500/USD","UP","41.3","-0.02","0.0848","DOWN","45.7","-0.0535","UP","48.1","0.0878","2165.1","18.4216","13.1173"
"2016-07-18","22:30:45","WTICO_USD","UP","47.6","-0.1","0.0044","UP","50.5","0.0705","UP","50.5","0.0571","45.186","1.0614","0.8179"
"2016-07-18","22:30:50","BCO/USD","UP","49.3","-0.11","0.0264","UP","52.2","0.0843","n.a.","52.2","0.0039","46.729","1.0995","0.8386"
"2016-07-19","07:45:15","EUR/USD","UP","47.8","-0.04","3e-04","UP","47.3","0","UP","50.2","8e-04","1.10748","0.0063","0.0044"
"2016-07-19","07:45:28","USD/JPY","UP","54.1","0.1","0.0876","DOWN","52.2","-0.0011","UP","53.1","0.0143","105.79","0.676","0.4921"
"2016-07-19","07:45:38","GBP/USD","UP","55.1","-0.12","0.0033","UP","57","0","DOWN","57","-2e-04","1.32149","0.0115","0.0065"
"2016-07-19","07:45:46","USD/CHF","UP","51.5","0.14","0","UP","51.5","0","UP","51.5","0","0.98291","0.0049","0.0036"
"2016-07-19","07:45:56","AUD/USD","DOWN","47.3","-0.1","-1e-04","UP","51.2","0","DOWN","49.8","-1e-04","0.75254","0.0051","0.0039"
"2016-07-19","07:46:04","USD/CAD","UP","47.3","-0.03","4e-04","UP","46.9","0","UP","46.9","2e-04","1.29794","0.0074","0.0055"
"2016-07-19","07:46:14","EUR/CHF","UP","53.1","-0.21","6e-04","DOWN","53.1","-1e-04","DOWN","53.1","-1e-04","1.08864","0.0035","0.0025"
"2016-07-19","07:46:23","EUR/GBP","DOWN","46.9","-0.05","-1e-04","UP","46.4","0","UP","46.4","1e-04","0.83799","0.0053","0.0035"
"2016-07-19","07:46:30","NZD/USD","UP","53.1","-0.06","7e-04","UP","43.5","0","UP","43.5","5e-04","0.70317","0.0052","0.004"
"2016-07-19","07:46:40","EUR/SEK","DOWN","51.7","-0.11","-0.0011","DOWN","50.2","-3e-04","DOWN","50.2","-0.0033","9.47605","0.0333","0.0242"
"2016-07-19","07:46:48","EUR/NOK","DOWN","44.9","-0.07","-2e-04","DOWN","49.8","-1e-04","UP","49.8","0.0011","9.35889","0.0505","0.0378"
"2016-07-19","07:46:58","USD/SEK","DOWN","54.6","-0.1","-0.0026","DOWN","52.2","-1e-04","UP","52.7","8e-04","8.55652","0.0525","0.0347"
"2016-07-19","07:47:06","USD/NOK","DOWN","52.2","-0.13","-0.005","DOWN","51.2","-1e-04","UP","51.2","0.0013","8.45141","0.0611","0.0438"
"2016-07-19","07:47:13","EUR/JPY","UP","49.3","-0.07","0.3126","DOWN","51.2","-9e-04","DOWN","51.2","-0.0066","117.142","0.8682","0.5667"
"2016-07-19","07:47:22","XAU/USD","UP","50.2","-0.05","0.0314","UP","51.7","0.0132","UP","51.7","0.013","1329.62","10.9001","7.7195"
"2016-07-19","07:47:30","XAG/USD","DOWN","47.3","0.04","-0.0118","DOWN","42.5","-1e-04","DOWN","42.5","-1e-04","19.89198","0.2162","0.1558"
"2016-07-19","07:47:39","XPD/USD","DOWN","46.6","0.04","-0.3239","DOWN","49.5","-0.0206","DOWN","49.5","-0.0207","640.45","10.5977","7.8407"
"2016-07-19","07:47:50","XPT/USD","DOWN","50.7","0.07","-0.9787","DOWN","54.1","-0.1369","DOWN","52.2","-0.3018","1088.958","12.194","9.3067"
"2016-07-19","07:48:00","SPX500/USD","UP","41.5","-0.02","0.5264","UP","46.4","0.0129","DOWN","47.8","-0.0227","2162.6","18.4107","13.0863"
"2016-07-19","07:48:10","WTICO_USD","DOWN","47.8","-0.1","-0.0353","UP","50.2","0.0054","DOWN","50.2","-0.0376","44.998","1.0632","0.819"
"2016-07-19","07:48:18","BCO/USD","DOWN","49","-0.12","-0.1169","UP","52.4","0.0074","DOWN","52.4","-0.0499","46.571","1.1009","0.8392"
"2016-07-20","07:47:18","EUR/USD","DOWN","48.1","-0.04","-5e-04","UP","47.6","0","DOWN","50.5","-0.001","1.10157","0.0063","0.0044"
"2016-07-20","07:47:32","USD/JPY","DOWN","54.3","0.1","-0.0366","UP","52.4","2e-04","UP","53.4","0.0138","106.046","0.6751","0.4913"
"2016-07-20","07:47:42","GBP/USD","DOWN","54.8","-0.12","-0.002","UP","56.7","1e-04","DOWN","56.7","-3e-04","1.31083","0.0115","0.0065"
"2016-07-20","07:47:50","USD/CHF","UP","51.4","0.14","0","DOWN","51","-1e-04","UP","51","0","0.9857","0.0049","0.0036"
"2016-07-20","07:48:01","AUD/USD","DOWN","47.1","-0.1","-1e-04","UP","50.5","1e-04","UP","49","0","0.74983","0.0051","0.0038"
"2016-07-20","07:48:10","USD/CAD","DOWN","46.6","-0.03","-2e-04","UP","47.1","0","UP","47.1","0","1.30201","0.0074","0.0055"
"2016-07-20","07:48:20","EUR/CHF","DOWN","52.4","-0.21","-7e-04","UP","53.4","1e-04","DOWN","53.4","-1e-04","1.08572","0.0035","0.0025"
"2016-07-20","07:48:29","EUR/GBP","UP","46.6","-0.05","2e-04","UP","46.2","0","UP","46.2","0","0.8403","0.0053","0.0035"
"2016-07-20","07:48:37","NZD/USD","DOWN","53.8","-0.06","-2e-04","UP","43.8","0","UP","43.8","2e-04","0.70577","0.0052","0.004"
"2016-07-20","07:48:47","EUR/SEK","DOWN","51.9","-0.11","-0.0023","DOWN","50.5","-2e-04","DOWN","50.5","-0.0035","9.48503","0.0332","0.0242"
"2016-07-20","07:48:55","EUR/NOK","DOWN","45.2","-0.07","-9e-04","UP","50.5","0","DOWN","50.5","-8e-04","9.35587","0.0504","0.0377"
"2016-07-20","07:49:07","USD/SEK","UP","54.3","-0.1","0.0029","DOWN","51.9","-6e-04","UP","52.4","0.0015","8.61151","0.0525","0.0348"
"2016-07-20","07:49:15","USD/NOK","UP","51.9","-0.13","0.0022","DOWN","51","-9e-04","UP","51","0.0015","8.49493","0.061","0.0438"
"2016-07-20","07:49:23","EUR/JPY","DOWN","49.5","-0.07","-0.1951","UP","51.4","9e-04","DOWN","51.4","-0.0092","116.8","0.867","0.566"
"2016-07-20","07:49:32","XAU/USD","DOWN","49.5","-0.05","-0.0099","UP","51.4","0.0164","DOWN","51.4","-0.0019","1331.302","10.8824","7.7003"
"2016-07-20","07:49:41","XAG/USD","DOWN","46.6","0.04","-0.0076","UP","42.3","2e-04","UP","42.3","2e-04","19.90806","0.2159","0.1553"
"2016-07-20","07:49:51","XPD/USD","DOWN","47.3","0.04","-0.2111","DOWN","49.3","-0.0144","DOWN","49.3","-0.2067","653.521","10.6038","7.8543"
"2016-07-20","07:50:02","XPT/USD","DOWN","51","0.07","-0.2782","UP","54.3","0.0174","UP","52.4","0.1656","1086.896","12.1756","9.2831"
"2016-07-20","07:50:13","SPX500/USD","DOWN","41.3","-0.02","-0.7263","UP","46.6","0.0017","UP","48.1","0.0195","2163.2","18.3805","13.0417"
"2016-07-20","07:50:23","WTICO_USD","UP","47.6","-0.1","0.0612","UP","49.5","0.0044","UP","49.5","0.0129","44.852","1.0615","0.8166"
"2016-07-20","07:50:38","BCO/USD","UP","49.3","-0.12","0.0532","UP","52.7","0.0027","UP","52.7","0.0238","46.573","1.0991","0.8366"
"2016-07-21","07:45:16","EUR/USD","UP","48.3","-0.04","4e-04","UP","47.8","0","UP","50.7","9e-04","1.10337","0.0063","0.0044"
"2016-07-21","07:45:29","USD/JPY","UP","54.1","0.1","0.0686","DOWN","52.2","-0.01","UP","53.1","0.0355","107.068","0.677","0.4932"
"2016-07-21","07:45:40","GBP/USD","UP","55","-0.12","0.0014","DOWN","56.9","-2e-04","UP","56.9","5e-04","1.32335","0.0115","0.0066"
"2016-07-21","07:45:48","USD/CHF","UP","51.2","0.14","1e-04","UP","51.2","0","UP","51.2","0","0.98441","0.0049","0.0035"
"2016-07-21","07:45:59","AUD/USD","DOWN","46.9","-0.1","-1e-04","UP","50.7","0","UP","49.3","0","0.74918","0.005","0.0038"
"2016-07-21","07:46:08","USD/CAD","UP","46.9","-0.03","0","UP","47.4","0","UP","47.4","1e-04","1.30403","0.0074","0.0055"
"2016-07-21","07:46:18","EUR/CHF","UP","52.6","-0.21","0","UP","54.1","0","UP","54.1","0","1.08637","0.0035","0.0025"
"2016-07-21","07:46:27","EUR/GBP","DOWN","46.9","-0.05","-4e-04","UP","46.4","0","DOWN","46.4","-1e-04","0.83328","0.0053","0.0035"
"2016-07-21","07:46:35","NZD/USD","UP","53.1","-0.06","6e-04","UP","44","1e-04","UP","44","5e-04","0.6982","0.0052","0.004"
"2016-07-21","07:46:44","EUR/SEK","UP","51.7","-0.11","0.0023","UP","50.2","2e-04","DOWN","50.2","-0.0019","9.46948","0.0332","0.0241"
"2016-07-21","07:46:53","EUR/NOK","UP","45.5","-0.07","5e-04","UP","50.7","1e-04","UP","50.7","8e-04","9.35847","0.0503","0.0376"
"2016-07-21","07:47:04","USD/SEK","DOWN","54.5","-0.1","-0.0035","UP","52.2","3e-04","DOWN","52.6","-0.0015","8.5807","0.0524","0.0348"
"2016-07-21","07:47:11","USD/NOK","DOWN","52.2","-0.13","-0.0038","UP","51.7","3e-04","DOWN","51.7","-0.001","8.48084","0.0609","0.0437"
"2016-07-21","07:47:19","EUR/JPY","UP","49.8","-0.07","0.0889","UP","51.7","0.0064","UP","51.7","0.0592","117.982","0.8695","0.5692"
"2016-07-21","07:47:28","XAU/USD","UP","49.8","-0.05","0.2","DOWN","51.7","-0.0272","UP","51.7","0.1185","1316.46","10.9097","7.7323"
"2016-07-21","07:47:37","XAG/USD","UP","46.9","0.03","5e-04","UP","41.6","0.0016","UP","41.6","0.0012","19.31934","0.2184","0.1568"
"2016-07-21","07:47:46","XPD/USD","UP","47.6","0.04","0.511","UP","49.5","0.054","DOWN","49.5","-0.0882","669.465","10.6177","7.8807"
"2016-07-21","07:47:56","XPT/USD","UP","50.7","0.07","0.9251","UP","54.1","0.1786","UP","52.2","0.2979","1080.768","12.1658","9.2859"
"2016-07-21","07:48:07","SPX500/USD","UP","42.1","-0.02","0.457","UP","46.4","0.0057","UP","47.8","0.1163","2172.3","18.3581","13.0315"
"2016-07-21","07:48:17","WTICO_USD","UP","46.9","-0.1","0.0228","DOWN","49.8","-0.003","UP","49.8","0.0099","45.198","1.0599","0.8149"
"2016-07-21","07:48:26","BCO/USD","UP","49","-0.12","0.076","DOWN","51.9","-0.009","UP","51.9","0.0189","47.183","1.0979","0.8357"
"2016-07-22","18:52:41","EUR/USD","UP","48.3","-0.04","2e-04","UP","47.4","0","DOWN","50.2","-9e-04","1.10295","0.0063","0.0044"
"2016-07-22","18:52:55","USD/JPY","DOWN","53.6","0.09","-0.1752","UP","52.6","8e-04","DOWN","53.6","-0.0383","105.697","0.6806","0.4976"
"2016-07-22","18:53:05","GBP/USD","UP","55","-0.12","0.0019","UP","57.4","0","DOWN","57.4","-1e-04","1.32232","0.0115","0.0066"
"2016-07-22","18:53:14","USD/CHF","UP","52.2","0.14","0","UP","50.2","0","UP","50.2","0","0.98444","0.0049","0.0035"
"2016-07-22","18:53:25","AUD/USD","DOWN","46.9","-0.1","-1e-04","UP","50.2","0","UP","48.8","0","0.74801","0.005","0.0038"
"2016-07-22","18:53:34","USD/CAD","UP","46.9","-0.03","2e-04","UP","47.4","0","UP","47.4","1e-04","1.31042","0.0074","0.0055"
"2016-07-22","18:53:44","EUR/CHF","UP","52.6","-0.21","2e-04","UP","53.1","0","UP","53.1","0","1.0859","0.0035","0.0025"
"2016-07-22","18:53:53","EUR/GBP","DOWN","46.9","-0.05","-3e-04","UP","46.9","0","UP","46.9","0","0.83396","0.0053","0.0035"
"2016-07-22","18:54:01","NZD/USD","UP","54.1","-0.06","0","UP","44.5","0","UP","44.5","1e-04","0.70036","0.0052","0.004"
"2016-07-22","18:54:11","EUR/SEK","UP","52.2","-0.11","0.0014","DOWN","50.7","-1e-04","DOWN","50.7","-0.002","9.47393","0.0332","0.0242"
"2016-07-22","18:54:20","EUR/NOK","DOWN","45","-0.06","-1e-04","UP","49.8","0","DOWN","49.8","-2e-04","9.36466","0.0503","0.0375"
"2016-07-22","18:54:31","USD/SEK","DOWN","55","-0.1","-0.0011","UP","52.6","1e-04","UP","53.1","0.001","8.58748","0.0523","0.0346"
"2016-07-22","18:54:39","USD/NOK","DOWN","53.1","-0.13","-0.0013","UP","51.7","0","UP","51.7","0.001","8.48894","0.0609","0.0436"
"2016-07-22","18:54:47","EUR/JPY","DOWN","49.8","-0.08","-0.0932","UP","51.7","0.015","DOWN","51.7","-0.0468","116.591","0.8712","0.5707"
"2016-07-22","18:54:56","XAU/USD","DOWN","50.2","-0.05","-0.1906","DOWN","51.7","-0.0284","DOWN","51.7","-0.1071","1327.407","10.9287","7.7609"
"2016-07-22","18:55:06","XAG/USD","DOWN","46.9","0.02","-0.0363","DOWN","42.1","-1e-04","UP","42.1","0","19.75396","0.2199","0.1582"
"2016-07-22","18:55:15","XPD/USD","UP","47.1","0.05","0.6425","DOWN","49.5","-0.0462","DOWN","49.5","-0.029","681.053","10.6314","7.8897"
"2016-07-22","18:55:26","XPT/USD","DOWN","50.7","0.06","-1.3256","DOWN","54.1","-0.1206","DOWN","52.2","-0.6774","1098.29","12.2166","9.3395"
"2016-07-22","18:55:38","SPX500/USD","DOWN","42.1","-0.02","-0.6967","UP","46.4","0.0164","DOWN","47.8","-0.1227","2162.3","18.3659","13.0532"
"2016-07-22","18:55:48","WTICO_USD","DOWN","46.4","-0.1","-0.0719","UP","49.8","0.0132","DOWN","49.8","-0.0526","44.018","1.0615","0.8169"
"2016-07-22","18:55:57","BCO/USD","DOWN","48.1","-0.12","-0.1199","UP","51.9","0.0145","DOWN","51.9","-0.0618","46.08","1.0974","0.8353"
"2016-07-23","21:43:19","EUR/USD","UP","48.6","-0.04","4e-04","UP","47.6","2e-04","DOWN","50.5","-7e-04","1.09714","0.0063","0.0044"
"2016-07-23","21:43:34","USD/JPY","DOWN","53.8","0.08","-0.1469","UP","51.9","0.0296","DOWN","52.9","-0.0014","106.065","0.682","0.4996"
"2016-07-23","21:43:46","GBP/USD","UP","55.3","-0.12","0.0034","UP","57.2","0.0014","UP","57.2","0.0016","1.31031","0.0116","0.0066"
"2016-07-23","21:43:56","USD/CHF","UP","51.9","0.14","3e-04","UP","51","3e-04","UP","51","3e-04","0.98675","0.0049","0.0036"
"2016-07-23","21:44:08","AUD/USD","UP","47.1","-0.1","1e-04","UP","49.5","2e-04","UP","48.1","2e-04","0.74604","0.0051","0.0039"
"2016-07-23","21:44:16","USD/CAD","UP","47.1","-0.03","1e-04","DOWN","48.1","-1e-04","UP","48.1","0","1.3123","0.0074","0.0055"
"2016-07-23","21:44:29","EUR/CHF","UP","52.9","-0.21","8e-04","UP","53.4","5e-04","UP","53.4","6e-04","1.08321","0.0035","0.0025"
"2016-07-23","21:44:38","EUR/GBP","DOWN","47.1","-0.06","-5e-04","DOWN","47.1","-2e-04","DOWN","47.1","-2e-04","0.83684","0.0053","0.0035"
"2016-07-23","21:44:46","NZD/USD","UP","53.4","-0.06","1e-04","UP","44.7","1e-04","UP","44.7","3e-04","0.69899","0.0052","0.004"
"2016-07-23","21:44:56","EUR/SEK","UP","52.4","-0.11","6e-04","DOWN","51","-0.001","DOWN","51","-0.0027","9.48149","0.0331","0.0241"
"2016-07-23","21:45:05","EUR/NOK","DOWN","45.2","-0.07","-7e-04","DOWN","49.5","-6e-04","DOWN","49.5","-8e-04","9.37251","0.0504","0.0377"
"2016-07-23","21:45:16","USD/SEK","DOWN","54.8","-0.1","-0.0066","DOWN","51.9","-0.0051","DOWN","52.9","-0.0046","8.64068","0.0524","0.0347"
"2016-07-23","21:45:26","USD/NOK","DOWN","52.9","-0.13","-0.0078","DOWN","51","-0.0063","DOWN","51","-0.0054","8.53906","0.0611","0.0439"
"2016-07-23","21:45:34","EUR/JPY","DOWN","49.5","-0.08","-0.0781","UP","51.4","0.0265","DOWN","51.4","-0.0308","116.428","0.8725","0.5719"
"2016-07-23","21:45:43","XAU/USD","UP","50.5","-0.06","0.1756","UP","51.9","0.2966","UP","51.9","0.2143","1321.543","10.9531","7.8005"
"2016-07-23","21:45:52","XAG/USD","DOWN","47.6","0.01","-0.0348","DOWN","41.3","-0.0018","DOWN","41.3","-0.0018","19.6185","0.2203","0.1589"
"2016-07-23","21:46:02","XPD/USD","UP","47.3","0.05","0.801","UP","49.8","0.0693","UP","49.8","0.0869","683.25","10.6397","7.8948"
"2016-07-23","21:46:13","XPT/USD","DOWN","51","0.05","-2.1417","DOWN","53.8","-1.0411","DOWN","52.4","-1.5957","1081.75","12.2738","9.4076"
"2016-07-23","21:46:24","SPX500/USD","DOWN","42.8","-0.02","-0.9035","DOWN","47.1","-0.178","DOWN","48.1","-0.4588","2172.5","18.3922","13.0866"
"2016-07-23","21:46:35","WTICO_USD","DOWN","46.6","-0.1","-0.0275","UP","50","0.0577","DOWN","50","-0.0038","43.572","1.0631","0.8193"
"2016-07-23","21:46:44","BCO/USD","DOWN","47.8","-0.12","-0.0576","UP","51.7","0.0729","UP","51.7","0.0087","45.546","1.0996","0.8392"
"2016-07-24","07:45:15","EUR/USD","UP","48.3","-0.04","5e-04","UP","47.3","2e-04","DOWN","50.2","-7e-04","1.09714","0.0063","0.0044"
"2016-07-24","07:45:28","USD/JPY","DOWN","54.1","0.09","-0.149","UP","51.7","0.0297","DOWN","53.1","-0.0014","106.065","0.682","0.4991"
"2016-07-24","07:45:38","GBP/USD","UP","55.1","-0.12","0.0034","UP","57","0.0014","UP","57","0.0016","1.31031","0.0116","0.0066"
"2016-07-24","07:45:46","USD/CHF","UP","51.7","0.14","3e-04","UP","50.7","3e-04","UP","50.7","3e-04","0.98675","0.0049","0.0035"
"2016-07-24","07:45:57","AUD/USD","UP","47.3","-0.1","1e-04","UP","49.8","2e-04","UP","48.3","2e-04","0.74604","0.0051","0.0039"
"2016-07-24","07:46:05","USD/CAD","UP","46.9","-0.03","1e-04","DOWN","48.3","-1e-04","UP","48.3","0","1.3123","0.0074","0.0055"
"2016-07-24","07:46:15","EUR/CHF","UP","52.7","-0.21","8e-04","UP","53.6","5e-04","UP","53.6","6e-04","1.08321","0.0035","0.0025"
"2016-07-24","07:46:23","EUR/GBP","DOWN","46.9","-0.06","-5e-04","DOWN","47.3","-2e-04","DOWN","47.3","-2e-04","0.83684","0.0053","0.0035"
"2016-07-24","07:46:31","NZD/USD","UP","53.6","-0.07","1e-04","UP","44.9","1e-04","UP","44.9","2e-04","0.69899","0.0052","0.004"
"2016-07-24","07:46:40","EUR/SEK","UP","52.7","-0.11","6e-04","DOWN","51.2","-0.001","DOWN","51.2","-0.0027","9.48149","0.0332","0.0242"
"2016-07-24","07:46:48","EUR/NOK","DOWN","44.9","-0.07","-7e-04","DOWN","49.8","-6e-04","DOWN","49.8","-8e-04","9.37251","0.0502","0.0375"
"2016-07-24","07:47:00","USD/SEK","DOWN","54.6","-0.1","-0.0067","DOWN","51.7","-0.005","DOWN","52.7","-0.0045","8.64068","0.0523","0.0346"
"2016-07-24","07:47:08","USD/NOK","DOWN","53.1","-0.13","-0.0078","DOWN","51.2","-0.0063","DOWN","51.2","-0.0054","8.53906","0.0611","0.044"
"2016-07-24","07:47:16","EUR/JPY","DOWN","49.8","-0.08","-0.0778","UP","51.7","0.0268","DOWN","51.7","-0.031","116.428","0.8739","0.5728"
"2016-07-24","07:47:25","XAU/USD","UP","50.2","-0.06","0.1945","UP","51.7","0.301","UP","51.7","0.2249","1321.543","10.9677","7.813"
"2016-07-24","07:47:33","XAG/USD","DOWN","47.8","0.01","-0.035","DOWN","41.5","-0.0019","DOWN","41.5","-0.0018","19.6185","0.2207","0.1593"
"2016-07-24","07:47:42","XPD/USD","UP","47.6","0.05","0.7674","UP","50","0.0692","UP","50","0.0865","683.25","10.6548","7.9085"
"2016-07-24","07:47:53","XPT/USD","DOWN","51.2","0.05","-2.1561","DOWN","54.1","-1.0448","DOWN","52.7","-1.5928","1081.75","12.2938","9.4345"
"2016-07-24","07:48:04","SPX500/USD","DOWN","43","-0.02","-0.9077","DOWN","46.9","-0.1821","n.a.","47.8","0.7594","2172.5","18.4062","13.0846"
"2016-07-24","07:48:13","WTICO_USD","DOWN","46.9","-0.1","-0.0339","UP","50.2","0.056","DOWN","50.2","-0.0058","43.572","1.063","0.8185"
"2016-07-24","07:48:22","BCO/USD","DOWN","48.1","-0.11","-0.0596","UP","51.5","0.0723","UP","51.5","0.0075","45.546","1.101","0.8402"
"2016-07-25","07:45:18","EUR/USD","UP","49","-0.04","4e-04","UP","47.6","0","DOWN","51","-6e-04","1.09741","0.0063","0.0044"
"2016-07-25","07:45:30","USD/JPY","UP","53.8","0.09","0.1334","UP","52.4","0.0047","UP","53.4","0.0123","106.316","0.681","0.4979"
"2016-07-25","07:45:40","GBP/USD","DOWN","55.3","-0.12","-1e-04","DOWN","57.2","-1e-04","UP","57.2","1e-04","1.31371","0.0116","0.0066"
"2016-07-25","07:45:48","USD/CHF","UP","51.9","0.14","1e-04","UP","51.4","0","UP","51.4","0","0.98745","0.0049","0.0035"
"2016-07-25","07:45:58","AUD/USD","DOWN","47.6","-0.1","-1e-04","UP","50","0","UP","48.6","0","0.74758","0.0051","0.0038"
"2016-07-25","07:46:06","USD/CAD","UP","47.6","-0.03","1e-04","UP","47.6","0","UP","47.6","0","1.31354","0.0074","0.0055"
"2016-07-25","07:46:16","EUR/CHF","UP","52.4","-0.21","1e-04","UP","54.3","0","UP","54.3","0","1.08389","0.0035","0.0025"
"2016-07-25","07:46:24","EUR/GBP","UP","47.1","-0.06","1e-04","UP","47.1","0","UP","47.1","0","0.83542","0.0053","0.0035"
"2016-07-25","07:46:32","NZD/USD","UP","53.8","-0.07","1e-04","UP","44.7","0","UP","44.7","1e-04","0.69812","0.0051","0.004"
"2016-07-25","07:46:41","EUR/SEK","DOWN","52.9","-0.1","-0.0014","DOWN","51.4","-1e-04","DOWN","51.4","-0.003","9.49267","0.033","0.0239"
"2016-07-25","07:46:48","EUR/NOK","DOWN","44.7","-0.07","-2e-04","DOWN","49","-1e-04","UP","49","0","9.38112","0.0501","0.0373"
"2016-07-25","07:46:59","USD/SEK","DOWN","54.3","-0.1","-0.0015","UP","51.9","1e-04","UP","52.9","0","8.64741","0.0522","0.0344"
"2016-07-25","07:47:08","USD/NOK","DOWN","52.4","-0.13","-0.0039","DOWN","51","-2e-04","DOWN","51","-4e-04","8.54721","0.061","0.0438"
"2016-07-25","07:47:15","EUR/JPY","UP","49","-0.08","0.2508","DOWN","51.9","-0.0057","DOWN","51.9","-0.0041","116.677","0.8722","0.5701"
"2016-07-25","07:47:24","XAU/USD","DOWN","50.5","-0.05","-0.0158","UP","51.4","0.0179","UP","51.4","0.0738","1317.455","10.9398","7.7725"
"2016-07-25","07:47:32","XAG/USD","DOWN","47.1","0.01","-0.0026","UP","41.3","1e-04","UP","41.3","1e-04","19.46381","0.2205","0.159"
"2016-07-25","07:47:40","XPD/USD","UP","47.8","0.05","0.2269","UP","49.8","0.0658","UP","49.8","0.1931","676.654","10.6453","7.9016"
"2016-07-25","07:47:51","XPT/USD","UP","51","0.06","1.7995","UP","54.3","0.0838","UP","52.9","0.0164","1072.658","12.2833","9.4212"
"2016-07-25","07:48:01","SPX500/USD","UP","42.8","-0.02","0.4784","DOWN","47.1","-0.0077","DOWN","48.6","-0.0818","2172.2","18.3749","13.0329"
"2016-07-25","07:48:11","WTICO_USD","UP","47.6","-0.1","0.0362","UP","50.5","0.0061","UP","50.5","0.0071","43.549","1.0606","0.8139"
"2016-07-25","07:48:19","BCO/USD","UP","48.3","-0.12","0.0685","UP","51.7","0.0069","UP","51.7","0.0119","45.537","1.0988","0.8361"
"2016-07-26","07:45:16","EUR/USD","UP","48.8","-0.04","5e-04","UP","48.3","0","UP","50.7","7e-04","1.10019","0.0063","0.0044"
"2016-07-26","07:45:28","USD/JPY","DOWN","54.6","0.08","-0.2001","UP","51.7","0.0144","DOWN","52.7","-0.0512","104.351","0.6903","0.5045"
"2016-07-26","07:45:38","GBP/USD","UP","55.6","-0.12","0.0018","UP","57.5","0","DOWN","57.5","-1e-04","1.31167","0.0116","0.0066"
"2016-07-26","07:45:46","USD/CHF","UP","51.7","0.14","1e-04","UP","50.7","1e-04","UP","50.7","1e-04","0.98529","0.0049","0.0035"
"2016-07-26","07:45:57","AUD/USD","UP","47.8","-0.1","1e-04","UP","50.2","0","UP","48.8","1e-04","0.75188","0.0051","0.0039"
"2016-07-26","07:46:05","USD/CAD","UP","47.3","-0.03","1e-04","UP","48.3","0","UP","48.3","1e-04","1.31929","0.0074","0.0055"
"2016-07-26","07:46:15","EUR/CHF","UP","52.7","-0.21","3e-04","UP","54.1","0","UP","54.1","0","1.08411","0.0035","0.0025"
"2016-07-26","07:46:23","EUR/GBP","UP","46.9","-0.06","0","UP","47.3","0","UP","47.3","1e-04","0.83879","0.0053","0.0035"
"2016-07-26","07:46:31","NZD/USD","DOWN","54.1","-0.07","-7e-04","UP","45.4","0","DOWN","45.4","-2e-04","0.70423","0.0052","0.004"
"2016-07-26","07:46:40","EUR/SEK","DOWN","53.1","-0.1","-2e-04","UP","51.2","0","DOWN","51.2","-0.0025","9.49283","0.033","0.0239"
"2016-07-26","07:46:48","EUR/NOK","UP","44.9","-0.07","0.0016","DOWN","49.3","-1e-04","UP","49.3","0.002","9.42118","0.0502","0.0374"
"2016-07-26","07:46:59","USD/SEK","DOWN","54.6","-0.1","-0.0042","DOWN","52.2","-1e-04","DOWN","53.1","-0.0011","8.6291","0.0523","0.0346"
"2016-07-26","07:47:08","USD/NOK","DOWN","52.7","-0.13","-0.0033","DOWN","50.2","-5e-04","UP","50.2","6e-04","8.56444","0.0611","0.0439"
"2016-07-26","07:47:15","EUR/JPY","DOWN","49.8","-0.08","-0.1503","UP","52.7","0.0016","DOWN","52.7","-0.0606","114.902","0.879","0.5764"
"2016-07-26","07:47:24","XAU/USD","UP","50.7","-0.05","0.083","UP","52.2","0.0411","UP","52.2","0.0367","1318.466","10.9423","7.7694"
"2016-07-26","07:47:33","XAG/USD","DOWN","47.3","0.01","-0.0114","DOWN","41.1","-2e-04","DOWN","41.1","-1e-04","19.59849","0.2209","0.1597"
"2016-07-26","07:47:41","XPD/USD","DOWN","48.5","0.06","-0.3878","UP","50","0.0282","DOWN","50","-0.2347","683.497","10.654","7.9057"
"2016-07-26","07:47:52","XPT/USD","DOWN","51.2","0.06","-2.2786","DOWN","54.1","-0.0894","DOWN","52.7","-0.3678","1084.34","12.3254","9.4914"
"2016-07-26","07:48:03","SPX500/USD","DOWN","44","-0.02","-0.8862","DOWN","47.8","-0.0266","DOWN","48.3","-0.0649","2169.6","18.4046","13.0706"
"2016-07-26","07:48:12","WTICO_USD","DOWN","47.8","-0.1","-0.0489","UP","51.2","0.0099","DOWN","51.2","-0.044","42.624","1.0611","0.8151"
"2016-07-26","07:48:21","BCO/USD","DOWN","48.1","-0.12","-0.0535","UP","51.5","0.0111","DOWN","51.5","-0.043","44.781","1.0992","0.8369"
"2016-07-27","07:45:17","EUR/USD","DOWN","48.6","-0.04","-2e-04","UP","48.6","0","DOWN","50.5","-7e-04","1.0999","0.0063","0.0044"
"2016-07-27","07:45:30","USD/JPY","UP","54.8","0.07","0.057","DOWN","51.4","-0.0107","UP","52.4","0.0018","105.184","0.6916","0.5062"
"2016-07-27","07:45:40","GBP/USD","DOWN","54.8","-0.12","-3e-04","UP","58.2","0","UP","58.2","1e-04","1.31291","0.0116","0.0066"
"2016-07-27","07:45:47","USD/CHF","DOWN","51.4","0.14","-1e-04","DOWN","51","-1e-04","UP","51","0","0.9915","0.0049","0.0036"
"2016-07-27","07:45:58","AUD/USD","UP","47.6","-0.1","1e-04","UP","50","1e-04","UP","48.6","1e-04","0.74835","0.0051","0.0039"
"2016-07-27","07:46:06","USD/CAD","DOWN","48.1","-0.03","-2e-04","UP","47.6","0","DOWN","47.6","-1e-04","1.31802","0.0073","0.0055"
"2016-07-27","07:46:16","EUR/CHF","UP","52.9","-0.21","7e-04","DOWN","54.3","-2e-04","UP","54.3","4e-04","1.09012","0.0035","0.0025"
"2016-07-27","07:46:24","EUR/GBP","UP","47.1","-0.06","1e-04","UP","47.6","0","UP","47.6","0","0.83744","0.0053","0.0035"
"2016-07-27","07:46:32","NZD/USD","UP","54.3","-0.07","0","UP","45.7","1e-04","DOWN","45.7","-1e-04","0.70366","0.0052","0.004"
"2016-07-27","07:46:41","EUR/SEK","DOWN","53.4","-0.1","-5e-04","DOWN","51.4","-1e-04","DOWN","51.4","-0.0033","9.50709","0.0329","0.0239"
"2016-07-27","07:46:49","EUR/NOK","DOWN","45.2","-0.07","-0.0034","UP","49.5","0","DOWN","49.5","-0.0017","9.4105","0.0501","0.0373"
"2016-07-27","07:47:00","USD/SEK","UP","54.3","-0.1","0.001","DOWN","51.9","-3e-04","UP","52.9","8e-04","8.64466","0.0522","0.0345"
"2016-07-27","07:47:09","USD/NOK","DOWN","52.9","-0.13","-0.0024","DOWN","51","-3e-04","DOWN","51","-0.0011","8.55704","0.061","0.0438"
"2016-07-27","07:47:16","EUR/JPY","UP","49.5","-0.08","0.0595","DOWN","52.4","-0.0151","UP","52.4","0.0308","115.935","0.8798","0.5779"
"2016-07-27","07:47:25","XAU/USD","UP","50","-0.05","0.0258","UP","51.9","0.0032","DOWN","51.9","-5e-04","1319.549","10.9242","7.7426"
"2016-07-27","07:47:33","XAG/USD","UP","47.6","0.01","0.0088","DOWN","41.3","-1e-04","DOWN","41.3","-1e-04","19.57316","0.2206","0.1592"
"2016-07-27","07:47:42","XPD/USD","UP","48.8","0.06","0.1777","DOWN","49.8","-0.0463","DOWN","49.8","-0.009","686.315","10.6391","7.8928"
"2016-07-27","07:47:53","XPT/USD","DOWN","51.9","0.06","-0.903","DOWN","54.3","-0.0911","DOWN","52.9","-0.1138","1090.806","12.311","9.4842"
"2016-07-27","07:48:03","SPX500/USD","UP","44.2","-0.02","0.3831","UP","48.1","0.0062","UP","48.6","0.0751","2172.5","18.3761","13.0401"
"2016-07-27","07:48:12","WTICO_USD","UP","47.1","-0.1","0.0444","UP","50.5","0.0053","UP","50.5","0.0051","42.296","1.0595","0.8135"
"2016-07-27","07:48:21","BCO/USD","UP","47.8","-0.12","0.0245","UP","51.2","0.0037","UP","51.2","0.0128","44.667","1.0974","0.8345"
"2016-07-28","07:45:16","EUR/USD","UP","49.3","-0.04","2e-04","UP","48.3","0","UP","51.2","9e-04","1.10678","0.0063","0.0044"
"2016-07-28","07:45:29","USD/JPY","UP","55","0.07","0.1766","UP","51.7","8e-04","DOWN","52.6","-0.0128","104.748","0.691","0.5059"
"2016-07-28","07:45:39","GBP/USD","UP","55","-0.12","6e-04","DOWN","57.4","-1e-04","UP","57.4","1e-04","1.31778","0.0116","0.0066"
"2016-07-28","07:45:47","USD/CHF","UP","51.7","0.13","2e-04","UP","50.2","1e-04","UP","50.2","0","0.98552","0.0049","0.0036"
"2016-07-28","07:45:58","AUD/USD","UP","47.8","-0.1","0","UP","50.2","0","UP","48.8","0","0.75253","0.0051","0.0039"
"2016-07-28","07:46:06","USD/CAD","UP","47.4","-0.03","1e-04","UP","47.8","0","DOWN","47.8","-1e-04","1.31318","0.0073","0.0055"
"2016-07-28","07:46:17","EUR/CHF","UP","52.2","-0.2","1e-04","UP","54.1","0","UP","54.1","0","1.09091","0.0035","0.0025"
"2016-07-28","07:46:25","EUR/GBP","UP","47.4","-0.06","0","UP","48.3","0","UP","48.3","1e-04","0.8395","0.0053","0.0035"
"2016-07-28","07:46:33","NZD/USD","DOWN","53.6","-0.07","-6e-04","DOWN","45","-1e-04","DOWN","45","-4e-04","0.71132","0.0052","0.004"
"2016-07-28","07:46:42","EUR/SEK","DOWN","53.1","-0.1","-0.0046","DOWN","51.2","-4e-04","DOWN","51.2","-0.0053","9.54128","0.0329","0.0239"
"2016-07-28","07:46:51","EUR/NOK","UP","45.5","-0.07","0.0024","DOWN","49.8","-1e-04","UP","49.8","0.0025","9.44063","0.0501","0.0373"
"2016-07-28","07:47:02","USD/SEK","DOWN","55","-0.1","-5e-04","UP","52.6","2e-04","DOWN","53.6","-0.0012","8.61883","0.0521","0.0345"
"2016-07-28","07:47:11","USD/NOK","DOWN","53.1","-0.13","-0.0012","UP","50.2","5e-04","DOWN","50.2","-9e-04","8.5278","0.061","0.0438"
"2016-07-28","07:47:19","EUR/JPY","UP","49.8","-0.08","0.3389","DOWN","52.2","-0.0036","DOWN","52.2","-0.0104","116.005","0.8784","0.5763"
"2016-07-28","07:47:27","XAU/USD","DOWN","50.2","-0.05","-0.2475","DOWN","51.2","-0.0836","DOWN","51.2","-0.1855","1339.308","10.9563","7.7811"
"2016-07-28","07:47:36","XAG/USD","UP","47.4","0.01","0.0052","UP","41.1","3e-04","UP","41.1","4e-04","20.28816","0.2234","0.161"
"2016-07-28","07:47:45","XPD/USD","UP","48.6","0.06","0.046","DOWN","50.5","-0.0428","DOWN","50.5","-0.4428","704.6","10.6667","7.923"
"2016-07-28","07:47:56","XPT/USD","DOWN","51.7","0.07","-0.2902","UP","55","0.214","DOWN","53.6","-0.9506","1144.292","12.569","9.6202"
"2016-07-28","07:48:07","SPX500/USD","UP","44","-0.02","0.0441","UP","47.8","0.005","DOWN","48.3","-0.0439","2170.2","18.3468","13.0052"
"2016-07-28","07:48:17","WTICO_USD","DOWN","46.9","-0.1","-0.025","UP","50.7","0.0063","DOWN","50.7","-0.0397","41.519","1.0588","0.8135"
"2016-07-28","07:48:25","BCO/USD","DOWN","48.1","-0.12","-0.0753","UP","51.4","0.011","DOWN","51.4","-0.0684","43.572","1.0975","0.8355"
"2016-07-31","07:45:17","EUR/USD","DOWN","48.3","-0.04","-6e-04","DOWN","47.3","-4e-04","DOWN","50.2","-0.0011","1.11696","0.0063","0.0044"
"2016-07-31","07:45:30","USD/JPY","DOWN","54.6","0.08","-0.3489","DOWN","52.2","-0.0871","DOWN","53.1","-0.1737","102.018","0.7003","0.5154"
"2016-07-31","07:45:40","GBP/USD","DOWN","55.1","-0.12","-5e-04","DOWN","57","-5e-04","DOWN","57","-6e-04","1.32221","0.0116","0.0066"
"2016-07-31","07:45:48","USD/CHF","DOWN","51.2","0.14","-0.0014","DOWN","49.8","-0.0013","DOWN","49.8","-0.0013","0.96902","0.0049","0.0036"
"2016-07-31","07:45:59","AUD/USD","DOWN","48.3","-0.1","-6e-04","DOWN","49.8","-6e-04","DOWN","48.3","-7e-04","0.75959","0.0051","0.0039"
"2016-07-31","07:46:07","USD/CAD","UP","47.8","-0.04","7e-04","UP","48.8","5e-04","UP","48.8","7e-04","1.30364","0.0074","0.0055"
"2016-07-31","07:46:17","EUR/CHF","DOWN","52.7","-0.22","-9e-04","UP","54.6","6e-04","UP","54.6","1e-04","1.08281","0.0035","0.0025"
"2016-07-31","07:46:25","EUR/GBP","DOWN","48.3","-0.06","-1e-04","DOWN","47.3","-2e-04","DOWN","47.3","-2e-04","0.84425","0.0053","0.0035"
"2016-07-31","07:46:32","NZD/USD","DOWN","53.6","-0.07","-6e-04","DOWN","44.9","-7e-04","DOWN","44.9","-0.001","0.71987","0.0052","0.0041"
"2016-07-31","07:46:42","EUR/SEK","DOWN","53.1","-0.1","-0.0027","UP","51.2","6e-04","DOWN","51.2","-0.0051","9.55196","0.0331","0.0241"
"2016-07-31","07:46:49","EUR/NOK","UP","45.9","-0.07","0.0032","UP","49.8","0.0033","UP","49.8","0.0042","9.42583","0.0503","0.0376"
"2016-07-31","07:47:00","USD/SEK","UP","55.1","-0.1","0.0082","UP","52.7","0.0075","UP","54.1","0.0088","8.54958","0.0523","0.0346"
"2016-07-31","07:47:09","USD/NOK","UP","53.6","-0.13","0.0193","UP","51.7","0.0149","UP","51.7","0.0172","8.43343","0.0613","0.044"
"2016-07-31","07:47:17","EUR/JPY","DOWN","48.8","-0.08","-0.2922","UP","52.2","0.0402","UP","52.2","0.0017","114.024","0.8826","0.5798"
"2016-07-31","07:47:25","XAU/USD","DOWN","50.7","-0.05","-0.7376","DOWN","50.7","-0.6778","DOWN","50.7","-0.6753","1349.968","10.9925","7.8271"
"2016-07-31","07:47:34","XAG/USD","UP","46.9","0.01","0.0412","UP","41.1","9e-04","UP","41.1","9e-04","20.29736","0.2237","0.1612"
"2016-07-31","07:47:42","XPD/USD","UP","48.1","0.05","1.5576","UP","50","0.7243","UP","50","0.713","707.85","10.6669","7.9642"
"2016-07-31","07:47:53","XPT/USD","UP","51.2","0.06","1.8376","UP","54.1","0.7238","UP","52.7","1.0226","1145.75","12.4339","9.5656"
"2016-07-31","07:48:03","SPX500/USD","DOWN","44","-0.02","-0.8548","DOWN","47.8","-0.2288","DOWN","48.3","-0.4266","2176.5","18.4114","13.0902"
"2016-07-31","07:48:13","WTICO_USD","DOWN","48.3","-0.1","-0.0398","DOWN","50.2","-0.0311","DOWN","50.2","-0.0715","40.946","1.0599","0.8146"
"2016-07-31","07:48:21","BCO/USD","DOWN","47.6","-0.11","-0.0472","DOWN","51.9","-0.0123","DOWN","51.9","-0.0457","42.913","1.0943","0.8334"
"2016-08-02","07:45:18","EUR/USD","DOWN","47.8","-0.04","-6e-04","UP","48.3","0","UP","49.8","9e-04","1.11751","0.0063","0.0044"
"2016-08-02","07:45:31","USD/JPY","UP","53.1","0.08","0.1344","DOWN","51.2","-0.0017","DOWN","52.2","-0.0026","102.405","0.6999","0.5142"
"2016-08-02","07:45:41","GBP/USD","DOWN","55.1","-0.12","-0.0012","UP","57","0","DOWN","57","-3e-04","1.31945","0.0116","0.0066"
"2016-08-02","07:45:48","USD/CHF","DOWN","52.2","0.14","-2e-04","UP","50.2","0","UP","50.2","0","0.96724","0.0049","0.0036"
"2016-08-02","07:45:59","AUD/USD","DOWN","47.3","-0.11","-1e-04","UP","49.3","1e-04","DOWN","47.8","-1e-04","0.75178","0.0051","0.0039"
"2016-08-02","07:46:07","USD/CAD","DOWN","46.9","-0.04","-1e-04","UP","47.3","0","UP","47.3","1e-04","1.31259","0.0074","0.0055"
"2016-08-02","07:46:17","EUR/CHF","UP","51.7","-0.23","1e-04","UP","53.6","1e-04","DOWN","53.6","-1e-04","1.08098","0.0035","0.0025"
"2016-08-02","07:46:25","EUR/GBP","UP","48.3","-0.06","1e-04","UP","48.3","0","UP","48.3","1e-04","0.84711","0.0053","0.0035"
"2016-08-02","07:46:32","NZD/USD","UP","53.6","-0.07","7e-04","UP","45.4","0","UP","45.4","0","0.71837","0.0052","0.004"
"2016-08-02","07:46:41","EUR/SEK","DOWN","53.1","-0.11","-0.0046","DOWN","50.7","-7e-04","DOWN","50.7","-0.0027","9.59123","0.0328","0.0238"
"2016-08-02","07:46:49","EUR/NOK","UP","45.9","-0.07","0.0039","DOWN","50.2","-3e-04","UP","50.2","0.0026","9.48042","0.0504","0.0377"
"2016-08-02","07:47:01","USD/SEK","UP","54.6","-0.1","0.0049","DOWN","52.7","-5e-04","UP","53.6","6e-04","8.58282","0.0523","0.0345"
"2016-08-02","07:47:09","USD/NOK","UP","53.1","-0.13","0.0107","DOWN","51.7","-0.0012","UP","51.7","0.002","8.48447","0.0614","0.0442"
"2016-08-02","07:47:17","EUR/JPY","UP","47.8","-0.08","0.0721","DOWN","51.7","-0.0061","DOWN","51.7","-0.009","114.55","0.8828","0.58"
"2016-08-02","07:47:25","XAU/USD","DOWN","49.8","-0.05","-0.1349","UP","50.2","0.0074","UP","50.2","0.0064","1349.177","10.9885","7.7943"
"2016-08-02","07:47:33","XAG/USD","UP","47.3","0.01","0.0148","UP","40.6","1e-04","UP","40.6","0","20.3778","0.2242","0.1617"
"2016-08-02","07:47:42","XPD/USD","UP","49","0.05","0.2321","DOWN","49.5","-0.0236","DOWN","49.5","-0.0151","714.947","10.6709","7.9742"
"2016-08-02","07:47:53","XPT/USD","UP","52.7","0.06","0.9043","UP","54.6","0.0778","UP","53.1","0.0098","1156.27","12.4266","9.5527"
"2016-08-02","07:48:04","SPX500/USD","DOWN","44.4","-0.02","-1.4695","UP","48.3","0.0019","DOWN","48.8","-0.1221","2173","18.4031","13.0598"
"2016-08-02","07:48:13","WTICO_USD","DOWN","48.8","-0.1","-0.0959","UP","50.2","0.014","DOWN","50.2","-0.0731","39.727","1.0622","0.8162"
"2016-08-02","07:48:22","BCO/USD","DOWN","48.1","-0.11","-0.1438","UP","51.9","0.0139","DOWN","51.9","-0.0782","41.943","1.0949","0.8344"
"2016-08-02","22:21:39","EUR/USD","DOWN","47.8","-0.04","-6e-04","UP","48.3","0","UP","49.8","9e-04","1.11751","0.0063","0.0044"
"2016-08-02","22:21:44","USD/JPY","UP","53.1","0.08","0.1344","DOWN","51.2","-0.0017","DOWN","52.2","-0.0026","102.405","0.6999","0.5142"
"2016-08-02","22:21:49","GBP/USD","DOWN","55.1","-0.12","-0.0012","UP","57","0","DOWN","57","-3e-04","1.31945","0.0116","0.0066"
"2016-08-02","22:21:52","USD/CHF","DOWN","52.2","0.14","-2e-04","UP","50.2","0","UP","50.2","0","0.96724","0.0049","0.0036"
"2016-08-02","22:21:58","AUD/USD","DOWN","47.3","-0.11","-1e-04","UP","49.3","1e-04","DOWN","47.8","-1e-04","0.75178","0.0051","0.0039"
"2016-08-02","22:22:03","USD/CAD","DOWN","46.9","-0.04","-1e-04","UP","47.3","0","UP","47.3","1e-04","1.31259","0.0074","0.0055"
"2016-08-02","22:22:08","EUR/CHF","UP","51.7","-0.23","1e-04","UP","53.6","1e-04","DOWN","53.6","-1e-04","1.08098","0.0035","0.0025"
"2016-08-02","22:22:12","EUR/GBP","UP","48.3","-0.06","1e-04","UP","48.3","0","UP","48.3","1e-04","0.84711","0.0053","0.0035"
"2016-08-02","22:22:16","NZD/USD","UP","53.6","-0.07","7e-04","UP","45.4","0","UP","45.4","0","0.71837","0.0052","0.004"
"2016-08-02","22:22:21","EUR/SEK","DOWN","53.1","-0.11","-0.0046","DOWN","50.7","-7e-04","DOWN","50.7","-0.0027","9.59123","0.0328","0.0238"
"2016-08-02","22:22:25","EUR/NOK","UP","45.9","-0.07","0.0039","DOWN","50.2","-3e-04","UP","50.2","0.0026","9.48042","0.0504","0.0377"
"2016-08-02","22:22:30","USD/SEK","UP","54.6","-0.1","0.0049","DOWN","52.7","-5e-04","UP","53.6","6e-04","8.58282","0.0523","0.0345"
"2016-08-02","22:22:34","USD/NOK","UP","53.1","-0.13","0.0107","DOWN","51.7","-0.0012","UP","51.7","0.002","8.48447","0.0614","0.0442"
"2016-08-02","22:22:37","EUR/JPY","UP","47.8","-0.08","0.0721","DOWN","51.7","-0.0061","DOWN","51.7","-0.009","114.55","0.8828","0.58"
"2016-08-02","22:22:42","XAU/USD","DOWN","49.8","-0.05","-0.1349","UP","50.2","0.0074","UP","50.2","0.0064","1349.177","10.9885","7.7943"
"2016-08-02","22:22:48","XAG/USD","UP","47.3","0.01","0.0148","UP","40.6","1e-04","UP","40.6","0","20.3778","0.2242","0.1617"
"2016-08-02","22:22:52","XPD/USD","UP","49","0.05","0.2321","DOWN","49.5","-0.0236","DOWN","49.5","-0.0151","714.947","10.6709","7.9742"
"2016-08-02","22:22:58","XPT/USD","UP","52.7","0.06","0.9043","UP","54.6","0.0778","UP","53.1","0.0098","1156.27","12.4266","9.5527"
"2016-08-02","22:23:03","SPX500/USD","DOWN","44.4","-0.02","-1.4695","UP","48.3","0.0019","DOWN","48.8","-0.1221","2173","18.4031","13.0598"
"2016-08-02","22:23:09","WTICO_USD","DOWN","48.8","-0.1","-0.0959","UP","50.2","0.014","DOWN","50.2","-0.0731","39.727","1.0622","0.8162"
"2016-08-02","22:23:13","BCO/USD","DOWN","48.1","-0.11","-0.1438","UP","51.9","0.0139","DOWN","51.9","-0.0782","41.943","1.0949","0.8344"
"2016-08-03","07:45:13","EUR/USD","UP","44.3","-0.04","2e-04","UP","55.7","0","DOWN","54.4","-7e-04","1.12122","0.0063","0.0044"
"2016-08-03","07:45:25","USD/JPY","DOWN","52.5","0.08","-0.137","UP","50.6","0.0084","DOWN","53.2","-0.0423","101.085","0.7026","0.517"
"2016-08-03","07:45:32","GBP/USD","UP","60.8","-0.12","5e-04","DOWN","57","-2e-04","UP","57","4e-04","1.33229","0.0116","0.0066"
"2016-08-03","07:45:41","USD/CHF","UP","55.1","0.14","0","UP","53.8","0","UP","53.2","0","0.96554","0.0049","0.0036"
"2016-08-03","07:45:50","AUD/USD","DOWN","47.5","-0.11","-2e-04","DOWN","53.2","-1e-04","UP","50.6","0","0.75946","0.0051","0.0039"
"2016-08-03","07:45:57","USD/CAD","DOWN","44.3","-0.04","-4e-04","UP","51.3","0","DOWN","51.3","-1e-04","1.312","0.0074","0.0055"
"2016-08-03","07:46:06","EUR/CHF","UP","46.2","-0.23","3e-04","UP","51.3","0","UP","48.7","2e-04","1.08259","0.0035","0.0025"
"2016-08-03","07:46:13","EUR/GBP","DOWN","51.3","-0.06","-2e-04","UP","51.9","0","DOWN","51.9","-2e-04","0.84178","0.0053","0.0035"
"2016-08-03","07:46:19","NZD/USD","DOWN","50.6","-0.07","-1e-04","UP","47.5","0","DOWN","47.5","-1e-04","0.71964","0.0052","0.004"
"2016-08-03","07:46:28","EUR/SEK","UP","52.5","-0.12","0.0031","UP","51.9","7e-04","UP","50.6","0.0018","9.54414","0.0328","0.0238"
"2016-08-03","07:46:37","EUR/NOK","DOWN","46.2","-0.07","-0.0054","UP","50.6","1e-04","DOWN","48.7","-0.0026","9.45763","0.0503","0.0376"
"2016-08-03","07:46:46","USD/SEK","DOWN","52.5","-0.1","-0.004","UP","53.8","5e-04","DOWN","56.3","-0.0028","8.51264","0.0523","0.0346"
"2016-08-03","07:46:55","USD/NOK","DOWN","57.6","-0.14","-0.0056","UP","46.2","6e-04","DOWN","47.5","-0.0032","8.43517","0.0614","0.0442"
"2016-08-03","07:47:01","EUR/JPY","DOWN","45.6","-0.08","-0.1621","UP","51.3","0.0127","DOWN","51.3","-0.02","113.253","0.8834","0.5819"
"2016-08-03","07:47:07","XAU/USD","DOWN","44.9","-0.05","-0.0888","DOWN","53.2","-0.0399","DOWN","53.2","-0.019","1363.748","10.9984","7.8161"
"2016-08-03","07:47:14","XAG/USD","DOWN","50.6","0","-0.0104","UP","54.4","0","UP","54.4","0","20.63944","0.2242","0.162"
"2016-08-03","07:47:22","XPD/USD","UP","53.5","0.05","0.2872","UP","49","0.0229","UP","49","0.0156","710.27","10.6577","7.9645"
"2016-08-03","07:47:28","XPT/USD","UP","53.2","0.06","0.2506","DOWN","53.8","-0.0445","DOWN","53.8","-0.2033","1164.562","12.4171","9.5489"
"2016-08-03","07:47:37","SPX500/USD","DOWN","51.3","-0.02","-1.1692","UP","46.8","0.0239","DOWN","46.8","-0.1249","2155.7","18.3975","13.073"
"2016-08-03","07:47:45","WTICO_USD","UP","43.7","-0.1","0.0806","UP","48.7","0.0079","UP","43","0.0155","39.29","1.0606","0.8149"
"2016-08-03","07:47:52","BCO/USD","UP","47.8","-0.11","0.0198","UP","50.3","0.0089","UP","50.3","0.0171","41.547","1.0933","0.8329"
"2016-08-04","07:45:13","EUR/USD","DOWN","44","-0.04","-6e-04","UP","55.3","0","UP","54.1","3e-04","1.1145","0.0063","0.0044"
"2016-08-04","07:45:24","USD/JPY","DOWN","52.2","0.08","-0.0128","UP","50.9","0.0084","UP","52.8","0.0037","101.411","0.7018","0.5163"
"2016-08-04","07:45:32","GBP/USD","UP","61","-0.12","0.0014","UP","56.6","0","DOWN","56.6","-1e-04","1.33273","0.0116","0.0066"
"2016-08-04","07:45:40","USD/CHF","DOWN","54.7","0.14","-1e-04","DOWN","53.5","-1e-04","DOWN","52.8","-1e-04","0.97269","0.0049","0.0036"
"2016-08-04","07:45:49","AUD/USD","UP","47.8","-0.11","3e-04","UP","53.5","0","UP","50.9","1e-04","0.76084","0.0051","0.0039"
"2016-08-04","07:45:56","USD/CAD","UP","44.7","-0.04","2e-04","UP","50.9","0","DOWN","50.9","-1e-04","1.30641","0.0074","0.0055"
"2016-08-04","07:46:05","EUR/CHF","UP","45.3","-0.23","2e-04","DOWN","50.3","-1e-04","UP","47.8","0","1.08417","0.0035","0.0025"
"2016-08-04","07:46:12","EUR/GBP","DOWN","50.3","-0.06","-7e-04","UP","50.9","0","DOWN","50.9","-1e-04","0.83601","0.0053","0.0035"
"2016-08-04","07:46:18","NZD/USD","UP","50.9","-0.07","2e-04","UP","47.2","1e-04","UP","47.2","1e-04","0.71652","0.0052","0.004"
"2016-08-04","07:46:27","EUR/SEK","UP","51.6","-0.12","0.0079","UP","50.9","5e-04","UP","49.7","0.0022","9.52628","0.0328","0.0238"
"2016-08-04","07:46:36","EUR/NOK","UP","45.9","-0.07","0","UP","50.3","2e-04","DOWN","48.4","-3e-04","9.41964","0.0503","0.0376"
"2016-08-04","07:46:45","USD/SEK","UP","52.2","-0.11","0.0018","DOWN","53.5","-4e-04","UP","56","0.002","8.54907","0.0523","0.0346"
"2016-08-04","07:46:54","USD/NOK","UP","57.2","-0.14","0","DOWN","45.9","-4e-04","UP","47.2","0.0017","8.45228","0.0613","0.0441"
"2016-08-04","07:47:00","EUR/JPY","DOWN","45.3","-0.08","-0.0638","DOWN","51.6","-0.0047","DOWN","51.6","-0.0132","112.983","0.8823","0.5815"
"2016-08-04","07:47:07","XAU/USD","UP","44.7","-0.06","0.13","UP","52.8","0.0864","UP","52.8","0.0716","1350.94","11.0053","7.8323"
"2016-08-04","07:47:13","XAG/USD","UP","50.3","-0.01","0.0081","UP","54.1","1e-04","UP","54.1","1e-04","20.12521","0.2258","0.1631"
"2016-08-04","07:47:21","XPD/USD","DOWN","52.5","0.05","-0.0906","UP","50","0.001","DOWN","50","-0.0041","705.766","10.6435","7.9521"
"2016-08-04","07:47:28","XPT/USD","UP","53.5","0.06","0.6015","DOWN","54.1","-0.0178","UP","54.1","0.2891","1152.898","12.414","9.5558"
"2016-08-04","07:47:36","SPX500/USD","UP","51.6","-0.02","1.3413","DOWN","47.2","-0.0028","UP","47.2","0.1417","2163.4","18.3712","13.0497"
"2016-08-04","07:47:45","WTICO_USD","UP","44.7","-0.1","0.068","DOWN","49.7","-0.0129","UP","44","0.0554","40.734","1.062","0.8167"
"2016-08-04","07:47:51","BCO/USD","UP","48.7","-0.11","0.1589","DOWN","51.3","-0.0137","UP","51.3","0.0655","42.91","1.0943","0.8345"
"2016-08-08","13:52:12","EUR/USD","UP","44.3","-0.05","6e-04","UP","55.1","1e-04","UP","54.4","4e-04","1.10801","0.0063","0.0044"
"2016-08-08","13:52:15","USD/JPY","UP","51.9","0.08","0.0706","UP","49.4","0.0247","UP","52.5","0.0457","102.355","0.7025","0.5167"
"2016-08-08","13:52:17","GBP/USD","UP","60.1","-0.12","0.0031","UP","58.9","3e-04","UP","58.9","4e-04","1.30567","0.0116","0.0067"
"2016-08-08","13:52:20","USD/CHF","UP","54.4","0.13","5e-04","UP","51.9","4e-04","UP","53.2","4e-04","0.98195","0.0049","0.0036"
"2016-08-08","13:52:23","AUD/USD","DOWN","48.1","-0.11","-3e-04","DOWN","53.2","-2e-04","DOWN","50.6","-2e-04","0.76298","0.005","0.0038"
"2016-08-08","13:52:25","USD/CAD","DOWN","46.2","-0.02","-7e-04","UP","50.6","0","UP","50.6","0","1.31697","0.0074","0.0055"
"2016-08-08","13:52:27","EUR/CHF","DOWN","45.6","-0.24","-3e-04","DOWN","50","-2e-04","DOWN","47.5","-2e-04","1.08793","0.0035","0.0025"
"2016-08-08","13:52:29","EUR/GBP","DOWN","51.3","-0.06","-4e-04","UP","51.9","0","UP","51.9","0","0.84846","0.0054","0.0035"
"2016-08-08","13:52:31","NZD/USD","UP","50.6","-0.05","2e-04","DOWN","48.7","-1e-04","UP","48.7","1e-04","0.71288","0.0051","0.004"
"2016-08-08","13:52:34","EUR/SEK","DOWN","51.9","-0.12","-0.0061","DOWN","51.9","-0.0013","DOWN","50.6","-0.0011","9.50965","0.032","0.0235"
"2016-08-08","13:52:37","EUR/NOK","DOWN","46.2","-0.05","-3e-04","UP","50","0.0014","UP","48.1","9e-04","9.40541","0.0497","0.0372"
"2016-08-08","13:52:40","USD/SEK","DOWN","52.5","-0.12","-0.0025","DOWN","54.4","-0.0029","DOWN","55.7","-0.0032","8.58109","0.0516","0.0341"
"2016-08-08","13:52:42","USD/NOK","DOWN","58.9","-0.13","-0.0029","UP","47.5","8e-04","DOWN","48.1","-6e-04","8.48707","0.0611","0.0438"
"2016-08-08","13:52:44","EUR/JPY","UP","46.8","-0.08","0.0629","DOWN","50","-0.0192","DOWN","50","-0.0106","113.474","0.878","0.5791"
"2016-08-08","13:52:47","XAU/USD","UP","45.6","-0.07","0.5202","UP","52.5","0.334","UP","52.5","0.4167","1333.013","11.1178","7.8965"
"2016-08-08","13:52:49","XAG/USD","DOWN","49.4","-0.03","-0.0295","DOWN","51.9","-6e-04","UP","51.9","0.0015","19.74351","0.2291","0.1651"
"2016-08-08","13:52:51","XPD/USD","DOWN","52.9","0.07","-0.7157","DOWN","50.3","-0.397","DOWN","50.3","-0.433","688.786","10.5736","7.8878"
"2016-08-08","13:52:53","XPT/USD","DOWN","51.9","0.06","-0.0605","UP","53.8","0.005","DOWN","53.8","-0.6911","1147.121","12.3929","9.5145"
"2016-08-08","13:52:55","SPX500/USD","DOWN","50.6","-0.01","-0.5947","DOWN","46.8","-0.0321","DOWN","46.8","-0.1098","2184.8","18.2978","12.9381"
"2016-08-08","13:52:59","WTICO_USD","DOWN","44","-0.09","-0.0572","DOWN","46.5","-0.0375","DOWN","41.5","-0.0433","42.121","1.0533","0.8061"
"2016-08-08","13:53:01","BCO/USD","DOWN","48.4","-0.1","-0.0721","DOWN","49.7","-0.0439","n.a.","49.7","-0.013","44.584","1.0877","0.8269"
"2016-08-09","09:53:25","EUR/USD","UP","44.8","-0.04","1e-04","UP","55.2","0","UP","54.6","1e-04","1.10747","0.0063","0.0044"
"2016-08-09","09:53:27","USD/JPY","DOWN","53.4","0.08","-0.0142","UP","50.9","0.0065","UP","54","0.0256","102.459","0.6989","0.5139"
"2016-08-09","09:53:29","GBP/USD","UP","59.5","-0.12","4e-04","UP","57.1","2e-04","DOWN","57.1","-1e-04","1.29858","0.0116","0.0066"
"2016-08-09","09:53:32","USD/CHF","UP","55.2","0.13","2e-04","UP","53.4","1e-04","UP","53.4","2e-04","0.98408","0.0049","0.0036"
"2016-08-09","09:53:34","AUD/USD","DOWN","47.2","-0.11","-1e-04","DOWN","52.8","-1e-04","DOWN","49.7","-1e-04","0.76395","0.0051","0.0039"
"2016-08-09","09:53:37","USD/CAD","UP","46","-0.04","6e-04","UP","50.9","0","UP","50.9","1e-04","1.31783","0.0074","0.0055"
"2016-08-09","09:53:39","EUR/CHF","DOWN","45.4","-0.23","-3e-04","DOWN","49.1","-2e-04","UP","47.2","0","1.09003","0.0035","0.0025"
"2016-08-09","09:53:41","EUR/GBP","UP","50.9","-0.07","2e-04","UP","50.3","0","UP","50.3","1e-04","0.85254","0.0053","0.0035"
"2016-08-09","09:53:43","NZD/USD","DOWN","50.9","-0.07","-3e-04","UP","48.5","1e-04","UP","48.5","1e-04","0.71197","0.0052","0.004"
"2016-08-09","09:53:46","EUR/SEK","DOWN","52.1","-0.11","-0.0018","UP","51.5","5e-04","DOWN","50.3","-2e-04","9.50896","0.0327","0.0238"
"2016-08-09","09:53:48","EUR/NOK","DOWN","46","-0.07","-0.0027","DOWN","50.3","-6e-04","DOWN","48.5","-0.0019","9.40608","0.0501","0.0376"
"2016-08-09","09:53:51","USD/SEK","DOWN","52.1","-0.11","-7e-04","DOWN","53.4","-5e-04","UP","56.4","0.001","8.58614","0.052","0.0345"
"2016-08-09","09:53:54","USD/NOK","DOWN","58.3","-0.14","-0.0065","DOWN","47.9","-0.0015","DOWN","48.5","-0.002","8.4917","0.0611","0.0439"
"2016-08-09","09:53:56","EUR/JPY","DOWN","46.6","-0.08","-0.013","DOWN","50.3","-0.0042","DOWN","50.3","-0.0022","113.471","0.8774","0.5772"
"2016-08-09","09:53:58","XAU/USD","UP","46","-0.07","0.4517","UP","53.4","0.1448","UP","53.4","0.0795","1331.895","11.0659","7.8767"
"2016-08-09","09:54:00","XAG/USD","UP","50.3","-0.02","0.0021","UP","52.8","0.0017","UP","52.8","0.0016","19.63423","0.2282","0.1643"
"2016-08-09","09:54:02","XPD/USD","DOWN","53.1","0.05","-0.2","DOWN","50","-0.1078","DOWN","50","-0.1171","685.724","10.594","7.9153"
"2016-08-09","09:54:04","XPT/USD","DOWN","52.1","0.06","-1.4105","DOWN","52.8","-0.4869","DOWN","52.8","-0.461","1141.051","12.3691","9.5235"
"2016-08-09","09:54:06","SPX500/USD","DOWN","50.9","-0.02","-1.0954","UP","47.2","0.0045","UP","47.2","0.0149","2180.1","18.2717","12.9468"
"2016-08-09","09:54:10","WTICO_USD","UP","43.9","-0.1","0.0272","DOWN","47","-0.004","UP","42.1","0.0309","42.346","1.0548","0.8089"
"2016-08-09","09:54:12","BCO/USD","UP","48.1","-0.11","0.0339","DOWN","50","-8e-04","UP","50","0.0356","44.615","1.0887","0.8295"
